job_id,job_title,company,min_exp,max_exp,base_salary,max_salary,location,joblisteddays_ago,postedin,rating,reviews_count,salary_data_provide_by,is_salary_disclosed,primary_city,location_type,has_rating
0,JP Morgan Chase - Client Data Analyst (4-8 yrs),JP Morgan Chase,4.0,8.0,,,Hyderabad / Secunderabad,3.0,iimjobs,4.1,5300.0,Not Disclosed,False,Hyderabad,City,True
1,Data Analyst - Bangalore,Schneider Electric,5.0,10.0,800000.0,1600000.0,"Bangalore / Bengaluru, Bangalore Rural",4.0,Naukri,4.2,3500.0,Salary Listed by Company,True,Bangalore,City,True
2,Senior IT ATLAS Data Analyst and Integration Specialist,SAP Labs India Pvt. Ltd.,7.0,11.0,,,Bangalore / Bengaluru,7.0,Naukri,4.3,1500.0,Not Disclosed,False,Bangalore,City,True
3,Consultant Data Analyst,Pfizer,2.0,6.0,,,Mumbai,3.0,Naukri,4.1,1700.0,Not Disclosed,False,Mumbai,City,True
4,Senior Data Analyst - Retail Liabilities,IDFC FIRST Bank,5.0,10.0,,,Mumbai,5.0,Naukri,4.5,2300.0,Not Disclosed,False,Mumbai,City,True
5,JP Morgan Chase - Client Data Analyst (4-9 yrs),JP Morgan Chase,4.0,9.0,,,Hyderabad / Secunderabad,7.0,iimjobs,4.1,5300.0,Not Disclosed,False,Hyderabad,City,True
6,Principal Business Data Analyst,GlaxoSmithKline Pharmaceuticals Limited,5.0,9.0,,,Bangalore / Bengaluru,2.0,Naukri,4.2,1600.0,Not Disclosed,False,Bangalore,City,True
7,"SENIOR, DATA ANALYST",Walmart Labs,2.0,6.0,,,Bangalore / Bengaluru,2.0,Naukri,4.0,2100.0,Not Disclosed,False,Bangalore,City,True
8,Data Analysts in Supply chain planning,Hewlett-Packard,6.0,8.0,,,Bangalore / Bengaluru,5.0,Naukri,4.2,3500.0,Not Disclosed,False,Bangalore,City,True
9,Data Analyst CX,IDFC FIRST Bank,5.0,10.0,,,"Chennai, Pune, New Delhi
													+4 more",9.0,Naukri,4.5,2300.0,Not Disclosed,False,Chennai,City,True
10,Data Analyst - Cx,IDFC FIRST Bank,2.0,5.0,,,"Chennai, Pune, New Delhi
													+4 more",9.0,Naukri,4.5,2300.0,Not Disclosed,False,Chennai,City,True
11,Customer Master Data Analyst,Genpact,2.0,6.0,,,Bangalore / Bengaluru,3.0,Naukri,3.9,27000.0,Not Disclosed,False,Bangalore,City,True
12,"Senior, Data Analyst",Walmart Labs,5.0,6.0,,,Bangalore / Bengaluru,4.0,Naukri,4.0,2100.0,Not Disclosed,False,Bangalore,City,True
13,Data Analyst,Reliance Retail,3.0,8.0,,,Mumbai,4.0,Naukri,4.0,19600.0,Not Disclosed,False,Mumbai,City,True
14,Data Analyst- PSP Transformation,Faurecia,4.0,6.0,,,Pune,3.0,Naukri,4.0,1100.0,Not Disclosed,False,Pune,City,True
15,Senior Data Analyst,Optum Global Solutions (India) Private Limited,12.0,16.0,,,Bangalore / Bengaluru,6.0,Naukri,4.0,3500.0,Not Disclosed,False,Bangalore,City,True
16,Senior Data Analyst - Cx,IDFC FIRST Bank,3.0,7.0,,,"Chennai, Pune, New Delhi
													+4 more",11.0,Naukri,4.5,2300.0,Not Disclosed,False,Chennai,City,True
17,Data Analyst,Amazon,2.0,4.0,180000.0,700000.0,"Delhi/Ncr, Bangalore / Bengaluru",11.0,Naukri,4.1,21700.0,Estimated by Ambition Box,True,Delhi,City,True
18,Retail Data Analyst,IDFC FIRST Bank,2.0,5.0,,,Mumbai,12.0,Naukri,4.5,2300.0,Not Disclosed,False,Mumbai,City,True
19,Senior Data Analyst-Credit Cards,IDFC FIRST Bank,5.0,10.0,,,Mumbai,12.0,Naukri,4.5,2300.0,Not Disclosed,False,Mumbai,City,True
20,Senior Data Analyst - Cx,IDFC FIRST Bank,5.0,10.0,,,Mumbai,12.0,Naukri,4.5,2300.0,Not Disclosed,False,Mumbai,City,True
21,Data Analyst-Retail Assets,IDFC FIRST Bank,2.0,5.0,,,Mumbai,12.0,Naukri,4.5,2300.0,Not Disclosed,False,Mumbai,City,True
22,Senior Data Analyst,IDFC FIRST Bank,2.0,5.0,,,Mumbai,12.0,Naukri,4.5,2300.0,Not Disclosed,False,Mumbai,City,True
23,FHIR Data Analyst,Infosys Limited,5.0,10.0,,,Bangalore / Bengaluru,4.0,Naukri,3.8,33500.0,Not Disclosed,False,Bangalore,City,True
24,Healthcare Data Analyst,Infosys Limited,2.0,6.0,,,Bangalore / Bengaluru,4.0,Naukri,3.8,33500.0,Not Disclosed,False,Bangalore,City,True
25,Specialist - Investments,Jardine Lloyd Thompson India Pvt Ltd.,2.0,5.0,475400.0,700000.0,Pune,3.0,Naukri,4.0,558.0,Estimated by Ambition Box,True,Pune,City,True
26,JP Morgan Chase - Reference Data Analyst (4-6 yrs),JP Morgan Chase,4.0,6.0,,,Mumbai,16.0,iimjobs,4.1,5300.0,Not Disclosed,False,Mumbai,City,True
27,Veeva process specialists,Tech Mahindra,5.0,10.0,700000.0,1200000.0,Hyderabad / Secunderabad,3.0,Naukri,3.7,28500.0,Salary Listed by Company,True,Hyderabad,City,True
28,Data Analyst/Sr. Analyst - SAS & Python,FedEx,3.0,8.0,1000000.0,2000000.0,"Mumbai, Bangalore / Bengaluru",17.0,Naukri,4.2,1100.0,Salary Listed by Company,True,Mumbai,City,True
29,Data Analyst For SAP Business Warehouse,Siemens Limited,2.0,6.0,,,Pune,2.0,Naukri,4.2,4200.0,Not Disclosed,False,Pune,City,True
30,Data Analyst- SQL,Gainwell Technologies,13.0,23.0,,,"Chennai, Bangalore / Bengaluru",4.0,Naukri,4.0,83.0,Not Disclosed,False,Chennai,City,True
31,Sr. Price & Data Analyst,Stanley Black & Decker,5.0,8.0,,,Bangalore / Bengaluru,4.0,Naukri,4.0,268.0,Not Disclosed,False,Bangalore,City,True
32,FHIR Data Analyst,Infosys Limited,3.0,6.0,350000.0,945000.0,Bangalore / Bengaluru,11.0,Naukri,3.8,33500.0,Estimated by Ambition Box,True,Bangalore,City,True
33,Data Analyst - Qlikview / Qliksense,PwC Service Delivery Center,4.0,8.0,,,Bangalore Rural,3.0,Naukri,3.5,7500.0,Not Disclosed,False,Bangalore Rural,City,True
34,Healthcare Data Analyst,Infosys Limited,3.0,8.0,,,Bangalore / Bengaluru,12.0,Naukri,3.8,33500.0,Not Disclosed,False,Bangalore,City,True
35,Senior Associate - Workday Help - Reporting,TIAA,7.0,9.0,,,Pune,2.0,Naukri,4.0,529.0,Not Disclosed,False,Pune,City,True
36,Automation and Data analyst Professional,Volvo Group,5.0,10.0,,,Bangalore / Bengaluru,18.0,Naukri,4.1,604.0,Not Disclosed,False,Bangalore,City,True
37,Data Analyst,Foundever,4.0,9.0,50000.0,70000.0,Chennai,11.0,Naukri,3.8,1700.0,Salary Listed by Company,True,Chennai,City,True
38,Consultant - Data Analyst,TransUnion Software Services Pvt. Ltd,4.0,8.0,,,Mumbai,2.0,Naukri,4.0,320.0,Not Disclosed,False,Mumbai,City,True
39,Data Analyst,"PayPal Holdings, Inc.",3.0,6.0,,,Hyderabad / Secunderabad,2.0,Naukri,3.9,813.0,Not Disclosed,False,Hyderabad,City,True
40,Data Analyst - Energy & Sustainability,CBRE,5.0,10.0,1000000.0,2000000.0,"Mumbai Suburbs, Mumbai, Mumbai",27.0,Naukri,4.2,3400.0,Salary Listed by Company,True,Mumbai,City,True
41,Data Analyst,Wipro,2.0,4.0,300000.0,750000.0,Gurgaon / Gurugram,2.0,Naukri,3.8,41400.0,Estimated by Ambition Box,True,Gurgaon,City,True
42,Data Analyst,Magna Steyr,3.0,6.0,,,Bangalore / Bengaluru,17.0,Naukri,4.0,560.0,Not Disclosed,False,Bangalore,City,True
43,Sr. Lead Data Analyst,Airtel,8.0,12.0,,,Gurgaon / Gurugram,10.0,Naukri,4.0,12200.0,Not Disclosed,False,Gurgaon,City,True
44,Lead Data Analyst,Airtel,4.0,9.0,,,Gurgaon / Gurugram,10.0,Naukri,4.0,12200.0,Not Disclosed,False,Gurgaon,City,True
45,"HCL Tech- Job Opening For Data analyst @ Hyderabad, Bangalore",HCLTech,6.0,10.0,,,"Bangalore Rural, Hyderabad / Secunderabad",10.0,Naukri,3.6,30200.0,Not Disclosed,False,Bangalore Rural,City,True
46,Data Analyst,Nestle,2.0,5.0,,,Gurgaon / Gurugram,24.0,Naukri,4.1,2000.0,Not Disclosed,False,Gurgaon,City,True
47,"Team Lead - Data Analyst, Category Marketing",Flipkart Internet Private Limited.,2.0,7.0,250000.0,800000.0,Bangalore / Bengaluru,11.0,Naukri,4.0,9600.0,Estimated by Ambition Box,True,Bangalore,City,True
48,Lead Data Analyst,Conneqt Digital,10.0,15.0,1200000.0,2200000.0,Bangalore / Bengaluru,2.0,Naukri,3.7,8000.0,Salary Listed by Company,True,Bangalore,City,True
49,Data Analyst,Conneqt Digital,5.0,10.0,,,Bangalore / Bengaluru,2.0,Naukri,3.7,8000.0,Not Disclosed,False,Bangalore,City,True
50,JP Morgan Chase - Client Data Analyst (4-6 yrs),JP Morgan Chase,4.0,6.0,,,Hyderabad / Secunderabad,28.0,iimjobs,4.1,5300.0,Not Disclosed,False,Hyderabad,City,True
51,Data Analyst,Target Corporation India Pvt Ltd,2.0,4.0,,,Bangalore / Bengaluru,16.0,Naukri,4.2,579.0,Not Disclosed,False,Bangalore,City,True
52,Data Analyst,Infosys,4.0,9.0,,,"Pune, Bangalore / Bengaluru, Bangalore Rural",19.0,Naukri,3.8,33500.0,Not Disclosed,False,Pune,City,True
53,Reference Data Analyst,DEUTSCHE BANK AG,3.0,5.0,470000.0,600000.0,Jaipur,10.0,Naukri,4.0,2900.0,Estimated by Ambition Box,True,Jaipur,City,True
54,"Junior /Assistant Manager - Data Analyst, Variance I Mumbai",Parle,3.0,6.0,,,Mumbai,10.0,Naukri,4.0,1400.0,Not Disclosed,False,Mumbai,City,True
55,Executive QA- Data Analyst,Parle,2.0,5.0,,,Mumbai,10.0,Naukri,4.0,1400.0,Not Disclosed,False,Mumbai,City,True
56,Power BI Microsoft - Executive / Data Analyst,Sone India Group Of Industries,2.0,6.0,,,"New Delhi, Netaji subhash place",11.0,Naukri,4.8,51.0,Not Disclosed,False,Delhi,City,True
57,Lead Data Research Analyst,Morningstar India (P) Ltd.,4.0,7.0,,,Mumbai,4.0,Naukri,3.9,928.0,Not Disclosed,False,Mumbai,City,True
58,"SENIOR, DATA ANALYST",Walmart Labs,3.0,8.0,335000.0,3000000.0,Bangalore / Bengaluru,24.0,Naukri,4.0,2100.0,Estimated by Ambition Box,True,Bangalore,City,True
59,Data Analyst,NextComm Corporation India,1.0,8.0,,,"Chennai, Pune, New Delhi
													+4 more",30.0,Naukri,4.9,1200.0,Not Disclosed,False,Chennai,City,True
60,HSSE Q&R Data Analyst,SBM Offshore,6.0,9.0,,,Bangalore / Bengaluru,5.0,Naukri,4.3,64.0,Not Disclosed,False,Bangalore,City,True
61,Senior Data Analyst,Guidehouse,3.0,6.0,,,"Chennai, Thiruvananthapuram",4.0,Naukri,4.0,513.0,Not Disclosed,False,Chennai,City,True
62,Data Analyst,Suryoday Small Finance Bank,1.0,5.0,,,Navi Mumbai,9.0,Naukri,4.1,965.0,Not Disclosed,False,Mumbai,City,True
63,Data Analyst,Infosys,3.0,8.0,,,Bangalore / Bengaluru,23.0,Naukri,3.8,33500.0,Not Disclosed,False,Bangalore,City,True
64,Data Scientist / Data Analyst,Siemens Limited,3.0,5.0,500000.0,980000.0,Panaji/Panjim,16.0,Naukri,4.2,4200.0,Estimated by Ambition Box,True,Panaji,City,True
65,Sr Business Process Analyst (Sr Data Analyst- Hardware),Kronos Solutions India Pvt. Ltd.,6.0,11.0,,,Noida,1.0,Naukri,3.6,459.0,Not Disclosed,False,Noida,City,True
66,Data Analyst,"PayPal Holdings, Inc.",2.0,7.0,,,Bangalore / Bengaluru,12.0,Naukri,3.9,813.0,Not Disclosed,False,Bangalore,City,True
67,Urgent Opening !!!  Data Analyst - IIT/NIT /IIM Engineer/MBA,Angel One,4.0,8.0,1100000.0,2100000.0,Mumbai,2.0,Naukri,3.9,1300.0,Salary Listed by Company,True,Mumbai,City,True
68,Job || Lead Data Analyst || Wipro || Gurugram,Wipro Limited,5.0,10.0,1000000.0,2000000.0,Gurgaon / Gurugram,11.0,Naukri,3.8,41400.0,Salary Listed by Company,True,Gurgaon,City,True
69,Data Analyst And MIS Lead For Gurgaon,Wipro Limited,3.0,8.0,500000.0,850000.0,Gurgaon / Gurugram,11.0,Naukri,3.8,41400.0,Salary Listed by Company,True,Gurgaon,City,True
70,"Data Analyst(Sql,SAS)",TELUS International,3.0,7.0,,,Noida,10.0,Naukri,3.8,957.0,Not Disclosed,False,Noida,City,True
71,Data Analyst 2,"PayPal Holdings, Inc.",3.0,8.0,,,Chennai,13.0,Naukri,3.9,813.0,Not Disclosed,False,Chennai,City,True
72,Data Analyst,Birlasoft,4.0,6.0,,,"Gurgaon / Gurugram, India",5.0,Naukri,3.8,2400.0,Not Disclosed,False,Gurgaon,City,True
73,Cimpress - HR Data Analyst (2-5 yrs),Cimpress India,2.0,5.0,,,"Mumbai, Bangalore / Bengaluru",11.0,iimjobs,3.9,266.0,Not Disclosed,False,Mumbai,City,True
74,SQL Developer (Data Analyst),Teleperformance (TP),4.0,9.0,,,"Hyderabad / Secunderabad, Gurgaon / Gurugram",24.0,Naukri,3.8,23600.0,Not Disclosed,False,Hyderabad,City,True
75,Data Analyst,Photon Infotech P Ltd,4.0,9.0,,,"Chennai, Bangalore / Bengaluru",5.0,Naukri,4.0,1400.0,Not Disclosed,False,Chennai,City,True
76,Lead Data Analyst,Photon Infotech P Ltd,8.0,13.0,,,"Chennai, Bangalore / Bengaluru",5.0,Naukri,4.0,1400.0,Not Disclosed,False,Chennai,City,True
77,Data Analyst SAS,GRANT THORNTON BHARAT LLP,5.0,10.0,,,"Bangalore / Bengaluru, Kolkata",2.0,Naukri,3.7,708.0,Not Disclosed,False,Bangalore,City,True
78,Senior Associate - Data Scientist,Pricewaterhouse Coopers Private Limited,2.0,5.0,,,Gurgaon / Gurugram,17.0,Naukri,3.5,7500.0,Not Disclosed,False,Gurgaon,City,True
79,Reference Data Analyst,Deutsche Bank,1.0,5.0,,,Jaipur,17.0,Naukri,4.0,2900.0,Not Disclosed,False,Jaipur,City,True
80,Statistical Data Analyst,Altimetrik,6.0,11.0,,,Bangalore / Bengaluru,4.0,Naukri,3.8,882.0,Not Disclosed,False,Bangalore,City,True
81,Data Analyst - HR,JSW Steel,8.0,13.0,,,Navi Mumbai,19.0,Naukri,4.0,4900.0,Not Disclosed,False,Mumbai,City,True
82,Data Analyst,Nxtwave Disruptive Technologies,1.0,4.0,,,Hyderabad / Secunderabad,1.0,Naukri,3.9,494.0,Not Disclosed,False,Hyderabad,City,True
83,Data Analyst,MSCI,0.0,3.0,,,Mumbai,3.0,Naukri,4.1,221.0,Not Disclosed,False,Mumbai,City,True
84,Index Input Data Analyst,MSCI,1.0,2.0,340000.0,1200000.0,Mumbai,3.0,Naukri,4.1,221.0,Estimated by Ambition Box,True,Mumbai,City,True
85,Corporate Events Data Analyst,MSCI,1.0,2.0,340000.0,1200000.0,Mumbai,3.0,Naukri,4.1,221.0,Estimated by Ambition Box,True,Mumbai,City,True
86,Data Analyst (SQL+Tableau) - AVP,Deutsche Bank,10.0,16.0,,,Jaipur,18.0,Naukri,4.0,2900.0,Not Disclosed,False,Jaipur,City,True
87,Azure Data Analyst || Product Based MNC (Direct Payroll) || Kolkata,Digital Aptech,4.0,8.0,700000.0,1600000.0,Kolkata,9.0,Naukri,4.5,107.0,Salary Listed by Company,True,Kolkata,City,True
88,Data Analyst,Angel One,2.0,5.0,1700000.0,2500000.0,Mumbai,5.0,Naukri,3.9,1300.0,Salary Listed by Company,True,Mumbai,City,True
89,Data Analyst,Synechron,5.0,14.0,,,Mumbai,8.0,Naukri,3.6,2500.0,Not Disclosed,False,Mumbai,City,True
90,Data Analyst- Graphic Designer,Genpact,1.0,6.0,200000.0,600000.0,Noida,30.0,Naukri,3.9,27000.0,Salary Listed by Company,True,Noida,City,True
91,upGrad - Data Analyst - CRM (5-8 yrs),upgrad,5.0,8.0,,,Bangalore / Bengaluru,3.0,iimjobs,3.8,1600.0,Not Disclosed,False,Bangalore,City,True
92,EDA Data Analyst,NXP Semiconductors,6.0,8.0,,,Bangalore / Bengaluru,12.0,Naukri,3.9,208.0,Not Disclosed,False,Bangalore,City,True
93,Looking Manager - MIS &Data Analyst based- Lowerparel-Immediate Joiner,Anand Rathi Insurance Brokers (ARIBL),3.0,8.0,350000.0,850000.0,Mumbai,3.0,Naukri,4.2,61.0,Salary Listed by Company,True,Mumbai,City,True
94,Senior Data Security Engineer (Data Analyst along with Power BI),Kronos Solutions India Pvt. Ltd.,5.0,8.0,,,Noida,6.0,Naukri,3.6,459.0,Not Disclosed,False,Noida,City,True
95,Hr Data Analyst,Yash Technologies,2.0,5.0,,,Hyderabad / Secunderabad,9.0,Naukri,3.8,1400.0,Not Disclosed,False,Hyderabad,City,True
96,Marketing Ops Analyst,Target Corporation India Pvt Ltd,5.0,10.0,,,Bangalore / Bengaluru,26.0,Naukri,4.2,579.0,Not Disclosed,False,Bangalore,City,True
97,Data Analyst,Aster DM Healthcare,4.0,8.0,,,Gurgaon / Gurugram,13.0,Naukri,3.8,366.0,Not Disclosed,False,Gurgaon,City,True
98,Senior Data Analyst,"PayPal Holdings, Inc.",4.0,6.0,,,Chennai,18.0,Naukri,3.9,813.0,Not Disclosed,False,Chennai,City,True
99,"Data Analyst(ETL, DWH , SQL Developer) with Hexaware Technologies",Hexaware Technologies,4.0,9.0,,,"Chennai, Pune, Bangalore / Bengaluru",12.0,Naukri,3.6,5000.0,Not Disclosed,False,Chennai,City,True
100,Data Analyst,Realpage,2.0,4.0,600000.0,900000.0,Hyderabad / Secunderabad,5.0,Naukri,3.7,412.0,Estimated by Ambition Box,True,Hyderabad,City,True
101,Indium Software - Data Analyst - R/Python (1-5 yrs),Indium Software,1.0,5.0,,,"Bangalore / Bengaluru, Hyderabad / Secunderabad",13.0,hirist,4.1,698.0,Not Disclosed,False,Bangalore,City,True
102,Data Analyst 2,upGrad,3.0,5.0,,,Bangalore Rural,5.0,Naukri,3.8,1600.0,Not Disclosed,False,Bangalore Rural,City,True
103,Financial MIS and Data Analyst,Sub K IMAPCT Solutions Limited,3.0,8.0,,,Hyderabad / Secunderabad,8.0,Naukri,4.1,231.0,Not Disclosed,False,Hyderabad,City,True
104,Data Analyst,Digital Aptech,4.0,8.0,700000.0,1600000.0,Kolkata,13.0,Naukri,4.5,107.0,Salary Listed by Company,True,Kolkata,City,True
105,Business Analyst,Chubb,7.0,10.0,,,Bangalore / Bengaluru,10.0,Naukri,3.8,128.0,Not Disclosed,False,Bangalore,City,True
106,Data Analyst (Remote),Firstsource,1.0,5.0,700000.0,1400000.0,Chennai,16.0,Naukri,3.8,4100.0,Salary Listed by Company,True,Chennai,City,True
107,Data Analyst & Report Designer - TRAI,National Institute for Smart Government (NISG),5.0,10.0,505000.0,1060000.0,New Delhi,4.0,Naukri,3.8,183.0,Estimated by Ambition Box,True,Delhi,City,True
108,Mondelez International - Global Procurement Insights Visualization Lead - QlikSense/Tableau/Power BI (8-14 yrs),Mondelez india foods private limited,8.0,14.0,,,Mumbai,30.0,hirist,4.4,895.0,Not Disclosed,False,Mumbai,City,True
109,Senior Data Analyst (Azure),"Redpine Signals, Inc.",5.0,8.0,,,Hyderabad / Secunderabad,3.0,Naukri,4.6,19.0,Not Disclosed,False,Hyderabad,City,True
110,Data Analyst/MIS Analyst For Hyderabad-Immediate joiners only,Wipro,3.0,6.0,500000.0,800000.0,Hyderabad / Secunderabad,18.0,Naukri,3.8,41400.0,Salary Listed by Company,True,Hyderabad,City,True
111,Senior Data Analyst,Teleperformance (TP),5.0,8.0,,,Mumbai,30.0,Naukri,3.8,23600.0,Not Disclosed,False,Mumbai,City,True
112,Looker Developer - Data Analyst,Renault Nissan Technology  Business Centre IndiaPvt.Ltd,2.0,5.0,,,Chennai,12.0,Naukri,3.9,1400.0,Not Disclosed,False,Chennai,City,True
113,ADAS Data Analyst_Engineer,Renault Nissan Technology  Business Centre IndiaPvt.Ltd,3.0,6.0,,,Chennai,12.0,Naukri,3.9,1400.0,Not Disclosed,False,Chennai,City,True
114,Data Analyst,"PayPal Holdings, Inc.",3.0,6.0,,,Bangalore / Bengaluru,20.0,Naukri,3.9,813.0,Not Disclosed,False,Bangalore,City,True
115,Data Analyst,Nureca Limited,4.0,6.0,350000.0,600000.0,Chandigarh,11.0,Naukri,4.4,123.0,Salary Listed by Company,True,Chandigarh,City,True
116,Manager - Data Analyst,Murugappa Group,5.0,10.0,1000000.0,1500000.0,Chennai,25.0,Naukri,4.0,237.0,Salary Listed by Company,True,Chennai,City,True
117,Content Designer,Acko General,3.0,4.0,,,Bangalore / Bengaluru,3.0,Naukri,3.8,390.0,Not Disclosed,False,Bangalore,City,True
118,Senior Associate,Pricewaterhouse Coopers Private Limited,4.0,7.0,600000.0,1746000.0,Kolkata,24.0,Naukri,3.5,7500.0,Estimated by Ambition Box,True,Kolkata,City,True
119,Data Analyst,Cimpress,3.0,8.0,,,Mumbai,18.0,Naukri,3.9,266.0,Not Disclosed,False,Mumbai,City,True
120,Advanced Data Analyst,Honeywell,7.0,8.0,,,Hyderabad / Secunderabad,23.0,Naukri,4.0,346.0,Not Disclosed,False,Hyderabad,City,True
121,PLM Data Analyst,Syngenta Global,8.0,10.0,,,Pune,30.0,Naukri,4.2,780.0,Not Disclosed,False,Pune,City,True
122,Senior data analyst,Spice Money,4.0,8.0,,,Remote,5.0,Naukri,4.0,273.0,Not Disclosed,False,Remote,Remote,True
123,Data Analyst,Spice Money,2.0,5.0,,,Noida,5.0,Naukri,4.0,273.0,Not Disclosed,False,Noida,City,True
124,Compensation And Benefits Specialist,Ace Creative Learning,4.0,7.0,,,Bangalore / Bengaluru,5.0,Naukri,4.0,113.0,Not Disclosed,False,Bangalore,City,True
125,MSCI - Index Input Data Analyst/Associate (1-6 yrs),MSCI,1.0,6.0,,,Mumbai,10.0,iimjobs,4.1,221.0,Not Disclosed,False,Mumbai,City,True
126,Data Analyst cum Business Analyst,Kauvery Hospital,3.0,8.0,,,Chennai,8.0,Naukri,4.0,292.0,Not Disclosed,False,Chennai,City,True
127,Data Analyst - Power BI (5-8 yrs),SGS Technical Services Pvt. Ltd,5.0,8.0,,,Pune,30.0,hirist,3.9,1400.0,Not Disclosed,False,Pune,City,True
128,Data Analyst / MIS Executive,Echobooom Management,0.0,1.0,50000.0,250000.0,Mumbai,3.0,Naukri,3.9,529.0,Salary Listed by Company,True,Mumbai,City,True
129,Hiring For Data Analyst,Xceedance,4.0,6.0,1500000.0,2000000.0,"Pune, Bangalore Rural, Gurgaon / Gurugram",3.0,Naukri,3.7,578.0,Salary Listed by Company,True,Pune,City,True
130,Senior Data Analyst,Morningstar India (P) Ltd.,2.0,7.0,,,Mumbai,19.0,Naukri,3.9,928.0,Not Disclosed,False,Mumbai,City,True
131,Hr Data Analyst,O P Jindal Global University (JGU),7.0,12.0,,,Sonipat,3.0,Naukri,4.0,157.0,Not Disclosed,False,Sonipat,City,True
132,Data Analyst,CMS Computers Ltd,9.0,12.0,,,"Delhi/Ncr, New Delhi",11.0,Naukri,3.9,537.0,Not Disclosed,False,Delhi,City,True
133,ESG Data Analyst,Equinix,3.0,4.0,,,Bangalore / Bengaluru,2.0,Naukri,4.1,33.0,Not Disclosed,False,Bangalore,City,True
134,NIIT is Urgently hiring  Data Analyst(Gurgaon),NIIT,5.0,10.0,300000.0,550000.0,Gurgaon / Gurugram,11.0,Naukri,3.7,1200.0,Salary Listed by Company,True,Gurgaon,City,True
135,Data Analyst,SKF TECHNOLOGIES (INDIA) PRIVATE LIMITED,5.0,10.0,,,Bangalore / Bengaluru,16.0,Naukri,4.0,929.0,Not Disclosed,False,Bangalore,City,True
136,Data Analyst,Myntra.com,1.0,3.0,400000.0,1800000.0,Bangalore / Bengaluru,16.0,Naukri,4.0,1700.0,Estimated by Ambition Box,True,Bangalore,City,True
137,Technical Consultant - Tableau,Salesforce,3.0,8.0,,,"Pune, Bangalore / Bengaluru, Gurgaon / Gurugram
													+2 more",30.0,Naukri,4.1,714.0,Not Disclosed,False,Pune,City,True
138,"Data Visualization Analyst - TRAI , Delhi",National Institute for Smart Government (NISG),6.0,11.0,1000000.0,2000000.0,New Delhi,10.0,Naukri,3.8,183.0,Salary Listed by Company,True,Delhi,City,True
139,Data Analyst,Clairvoyant India Pvt. Ltd,2.0,6.0,,,"Pune, Hyderabad / Secunderabad",2.0,Naukri,4.0,73.0,Not Disclosed,False,Pune,City,True
140,Senior Tableau Developer & Data Analyst,Siemens Limited,3.0,6.0,,,Pune,30.0,Naukri,4.2,4200.0,Not Disclosed,False,Pune,City,True
141,Associate-Data Analyst (Cost Optimisation),Delhivery,0.0,4.0,,,"Delhi/Ncr, Bangalore Rural",30.0,Naukri,3.9,5300.0,Not Disclosed,False,Delhi,City,True
142,Associate Data Analyst- FPM,CAE Inc.,1.0,2.0,,,Bangalore / Bengaluru,23.0,Naukri,4.3,36.0,Not Disclosed,False,Bangalore,City,True
143,99acres is hiring For MIS / Data analyst,Info Edge,3.0,5.0,450000.0,700000.0,Noida,27.0,Naukri,4.0,1700.0,Salary Listed by Company,True,Noida,City,True
144,Data Analyst,DTDC Express,3.0,7.0,,,Delhi/Ncr,27.0,Naukri,3.8,2500.0,Not Disclosed,False,Delhi,City,True
145,Capco - Senior Data Analyst - Python/PySpark (8-10 yrs),Capco Technologies Pvt Ltd,8.0,10.0,,,"Bangalore / Bengaluru, Hyderabad / Secunderabad, Pune",14.0,hirist,3.7,424.0,Not Disclosed,False,Bangalore,City,True
146,Prop Solution - Senior Manager/Assistant General Manager - Data Analyst (2-4 yrs),Prop Solutions4U Pvt Ltd,2.0,4.0,,,Navi Mumbai,20.0,iimjobs,4.6,41.0,Not Disclosed,False,Mumbai,City,True
147,Data Analyst,PlanetSpark,1.0,4.0,600000.0,800000.0,Gurgaon / Gurugram,6.0,Naukri,3.7,1700.0,Salary Listed by Company,True,Gurgaon,City,True
148,Reference Data Analyst,DEUTSCHE BANK AG,10.0,12.0,,,Bangalore / Bengaluru,30.0,Naukri,4.0,2900.0,Not Disclosed,False,Bangalore,City,True
149,"Reference Data Analyst, NCT",DEUTSCHE BANK AG,3.0,5.0,470000.0,600000.0,Jaipur,30.0,Naukri,4.0,2900.0,Estimated by Ambition Box,True,Jaipur,City,True
150,Tata AIG - Chief Manager - Data Analyst (3-7 yrs),TATA AIG,3.0,7.0,,,Mumbai,30.0,iimjobs,4.1,2300.0,Not Disclosed,False,Mumbai,City,True
151,Senior Financial Data Analyst,Moody's Analytics,1.0,3.0,,,Bangalore / Bengaluru,17.0,Naukri,3.8,231.0,Not Disclosed,False,Bangalore,City,True
152,"Data Analyst - Andheri,Mumbai @A.T.E.HUBER Envirotech Private Limited.",A T E Enterprises,0.0,2.0,400000.0,500000.0,Mumbai,5.0,Naukri,4.0,96.0,Salary Listed by Company,True,Mumbai,City,True
153,Senior Data Analyst,Tek Travels,15.0,22.0,,,Gurgaon / Gurugram,2.0,Naukri,3.8,48.0,Not Disclosed,False,Gurgaon,City,True
154,ImpactGuru - Senior Data Analyst (3-4 yrs),Impact Guru Technology Ventures Pvt Ltd,3.0,4.0,,,Mumbai,18.0,hirist,4.1,333.0,Not Disclosed,False,Mumbai,City,True
155,ImpactGuru - Senior Data Analyst (2-4 yrs),Impact Guru Technology Ventures Pvt Ltd,2.0,4.0,,,Mumbai,18.0,hirist,4.1,333.0,Not Disclosed,False,Mumbai,City,True
156,Impact Guru - Senior Data Analyst (3-4 yrs),Impact Guru Technology Ventures Pvt Ltd,3.0,4.0,,,Mumbai,18.0,iimjobs,4.1,333.0,Not Disclosed,False,Mumbai,City,True
157,AME Data Analyst,Garrett Advancing Motion,3.0,8.0,,,Pune,3.0,Naukri,3.5,73.0,Not Disclosed,False,Pune,City,True
158,"Senior Data Analyst- Business Analyst(Data & Analytics), Cloud",InfoStretch Corporation (India) Pvt. Ltd,6.0,9.0,,,Hyderabad / Secunderabad,9.0,Naukri,3.4,891.0,Not Disclosed,False,Hyderabad,City,True
159,Big Data Engineer,Hexaware Technologies Ltd.,8.0,9.0,,,"Chennai, Pune, New Delhi
													+4 more",26.0,Naukri,3.6,5000.0,Not Disclosed,False,Chennai,City,True
160,Impact Guru - Data Analyst - SQL/SAS/R (2-4 yrs),Impact Guru,2.0,4.0,,,Mumbai,19.0,hirist,4.1,333.0,Not Disclosed,False,Mumbai,City,True
161,Sr Advanced Data Analyst,Honeywell,8.0,12.0,,,Bangalore / Bengaluru,30.0,Naukri,4.0,346.0,Not Disclosed,False,Bangalore,City,True
162,Data Analyst(Azure) opportunity with Hexaware!!!!,Hexaware Technologies,4.0,9.0,,,"Chennai, Pune, Bangalore / Bengaluru",27.0,Naukri,3.6,5000.0,Not Disclosed,False,Chennai,City,True
163,Data Analyst - Bangalore,Protiviti India,1.0,2.0,,,Bangalore / Bengaluru,3.0,Naukri,3.4,296.0,Not Disclosed,False,Bangalore,City,True
164,Sr Data Analyst,Gartner,4.0,9.0,,,Gurgaon / Gurugram,30.0,Naukri,4.1,458.0,Not Disclosed,False,Gurgaon,City,True
165,Data Analyst,Godrej Agrovet,1.0,3.0,350000.0,450000.0,"Bangalore / Bengaluru, Hyderabad / Secunderabad",15.0,Naukri,3.7,951.0,Salary Listed by Company,True,Bangalore,City,True
166,Data Analyst,Lloyds Metals and Energy(LMEL),1.0,6.0,,,Nagpur,8.0,Naukri,3.9,104.0,Not Disclosed,False,Nagpur,City,True
167,Data Analyst Intern,Webindia Inc,0.0,1.0,50000.0,175000.0,Ahmedabad,16.0,Naukri,4.3,43.0,Salary Listed by Company,True,Ahmedabad,City,True
168,Data Modeller,Tekgence,9.0,14.0,,,"Chennai, Bangalore / Bengaluru",2.0,Naukri,4.1,25.0,Not Disclosed,False,Chennai,City,True
169,Data Analyst - Sales Operations Data (4-10 yrs),Antal Internationals Network,4.0,10.0,,,Chennai,4.0,iimjobs,3.6,86.0,Not Disclosed,False,Chennai,City,True
170,Data Analyst,Citco,2.0,5.0,,,Hyderabad / Secunderabad,4.0,Naukri,3.1,699.0,Not Disclosed,False,Hyderabad,City,True
171,HSSE Q&R Data Analyst,SBM Nauvata Pvt. Ltd.,3.0,10.0,,,Bangalore / Bengaluru,3.0,Naukri,4.0,27.0,Not Disclosed,False,Bangalore,City,True
172,Data Analyst,Ignitho Technologies (India) Pvt.Ltd,4.0,9.0,,,Chennai,6.0,Naukri,4.0,37.0,Not Disclosed,False,Chennai,City,True
173,BI Data Analyst,"ATMECS Technologies Pvt., Ltd.",5.0,8.0,,,Hyderabad / Secunderabad,5.0,Naukri,3.4,197.0,Not Disclosed,False,Hyderabad,City,True
174,Data Analyst -Powertrain || Bangalore,GlobalLogic,5.0,10.0,,,Pune,30.0,Naukri,3.7,3800.0,Not Disclosed,False,Pune,City,True
175,Data Analyst,Lifecell,3.0,5.0,200000.0,450000.0,Chennai,10.0,Naukri,3.5,547.0,Salary Listed by Company,True,Chennai,City,True
176,Genpact - Data Analyst - Python - Predictive Analytics (7-10 yrs),Genpact Enterprise Risk Consulting,7.0,10.0,,,"Pune, Gurgaon / Gurugram",5.0,iimjobs,3.7,45.0,Not Disclosed,False,Pune,City,True
177,Urgent Requirement For Data Analyst in HR & Training,Utkarsh Small Finance Bank,3.0,7.0,,,Varanasi,27.0,Naukri,3.9,2700.0,Not Disclosed,False,Varanasi,City,True
178,Specialist - Investments,Marsh &amp;amp; McLennan Companies,2.0,4.0,400000.0,883000.0,"Pune, Mumbai",30.0,Naukri,4.0,558.0,Estimated by Ambition Box,True,Pune,City,True
179,Data Analyst,Mediplus,3.0,5.0,350000.0,600000.0,Delhi/Ncr,17.0,Naukri,4.2,56.0,Salary Listed by Company,True,Delhi,City,True
180,Data Analyst,Rage Communications Pvt. Ltd.,2.0,3.0,,,Chennai,2.0,Naukri,3.9,29.0,Not Disclosed,False,Chennai,City,True
181,Business Analyst,NIIT,1.0,3.0,750000.0,1200000.0,Gurgaon / Gurugram,25.0,Naukri,3.7,1200.0,Salary Listed by Company,True,Gurgaon,City,True
182,Senior Data Analyst (Argus Database & Oracle BI Publisher),EVERSANA India Pvt. Ltd,7.0,12.0,1350000.0,1500000.0,Pune,13.0,Naukri,3.7,122.0,Estimated by Ambition Box,True,Pune,City,True
183,MIS / Data Analyst - ABDM (NHA) -Chandigarh,National Institute for Smart Government (NISG),3.0,8.0,400000.0,600000.0,Chandigarh,24.0,Naukri,3.8,183.0,Salary Listed by Company,True,Chandigarh,City,True
184,Hiring Chemical Data Analyst,Straive,2.0,7.0,,,Chennai,26.0,Naukri,3.5,1500.0,Not Disclosed,False,Chennai,City,True
185,Data Analyst,Astral Adhesives,1.0,3.0,,,Ahmedabad,2.0,Naukri,4.3,683.0,Not Disclosed,False,Ahmedabad,City,True
186,Sr. Data Analyst,Aeries Technology Group,5.0,10.0,,,Bangalore / Bengaluru,4.0,Naukri,3.5,255.0,Not Disclosed,False,Bangalore,City,True
187,Data Analyst,ICICI Lombard,3.0,8.0,500000.0,1500000.0,Mumbai,30.0,Naukri,3.8,3900.0,Salary Listed by Company,True,Mumbai,City,True
188,Urgently Required Data Analyst For Logistic Industry in Noida,Sugam Parivahan,2.0,5.0,400000.0,500000.0,Noida,19.0,Naukri,3.8,145.0,Salary Listed by Company,True,Noida,City,True
189,Data Analyst - Python/Business Intelligence (3-10 yrs),ATech,3.0,10.0,,,"Hyderabad / Secunderabad, Jaipur, Rajasthan
													+4 more",3.0,hirist,4.0,19.0,Not Disclosed,False,Hyderabad,City,True
190,Data Analyst,CSM Technologies,8.0,12.0,,,New Delhi,30.0,Naukri,4.5,579.0,Not Disclosed,False,Delhi,City,True
191,Airtel - Senior Lead Data Analyst (6-12 yrs),Airtel,6.0,12.0,,,Gurgaon / Gurugram,30.0,iimjobs,4.0,12200.0,Not Disclosed,False,Gurgaon,City,True
192,Supply Chain Reporting Data Analyst,Alcon Pharmaceuticals Pvt. Ltd.,2.0,7.0,,,Bangalore / Bengaluru,30.0,Naukri,3.7,366.0,Not Disclosed,False,Bangalore,City,True
193,Junior Data Analyst,Citco,1.0,2.0,,,Hyderabad / Secunderabad,10.0,Naukri,3.1,699.0,Not Disclosed,False,Hyderabad,City,True
194,Marketing Data Analyst,Foodlink Services,2.0,3.0,600000.0,750000.0,Mumbai,19.0,Naukri,4.0,84.0,Salary Listed by Company,True,Mumbai,City,True
195,Lead Data Analyst - Business Intelligence (10-15 yrs),ABC Consultants,10.0,15.0,,,Bangalore / Bengaluru,18.0,hirist,3.8,309.0,Not Disclosed,False,Bangalore,City,True
196,Market Data Analyst,Pentair,7.0,12.0,,,Noida,30.0,Naukri,4.0,89.0,Not Disclosed,False,Noida,City,True
197,"Data Analyst (Tableau, SQL, AWS, Python)",OSI Digital,4.0,8.0,,,Hyderabad / Secunderabad,11.0,Naukri,3.6,99.0,Not Disclosed,False,Hyderabad,City,True
198,Hiring For Power BI Support !,NOVAC,4.0,9.0,,,Navi Mumbai,30.0,Naukri,4.0,370.0,Not Disclosed,False,Mumbai,City,True
199,Senior Data Analyst Lead / Manager,Wellthy  Therapeutics,8.0,12.0,2500000.0,3750000.0,Mumbai,5.0,Naukri,3.8,43.0,Salary Listed by Company,True,Mumbai,City,True
200,Data Analyst,Speridian Technologies,4.0,6.0,200000.0,450000.0,Cochin/Ernakulam/Kochi,16.0,Naukri,3.5,251.0,Estimated by Ambition Box,True,Kochi,City,True
201,Senior Executive - Data Analyst,VIACOM 18 MEDIA PRIVATE LIMITED,2.0,4.0,,,Mumbai,10.0,Naukri,3.7,74.0,Not Disclosed,False,Mumbai,City,True
202,Data Analyst,Morepen Laboratories,0.0,2.0,200000.0,500000.0,Mumbai,25.0,Naukri,4.0,334.0,Salary Listed by Company,True,Mumbai,City,True
203,Wipro Consumer Care - Data Analyst - Internal Audit Department (2-4 yrs),Wipro Consumer Care & Lighting,2.0,4.0,,,Bangalore / Bengaluru,30.0,iimjobs,3.9,2300.0,Not Disclosed,False,Bangalore,City,True
204,Wipro Consumer Care - Data Analyst - Internal Audit Department (2-4 yrs),Wipro Consumer Care & Lighting,2.0,4.0,,,Bangalore / Bengaluru,30.0,iimjobs,3.9,2300.0,Not Disclosed,False,Bangalore,City,True
205,Data Analyst,Sumeru Digital Solutions,2.0,6.0,,,Bangalore / Bengaluru,6.0,Naukri,4.6,7.0,Not Disclosed,False,Bangalore,City,True
206,Clinical Data Analyst,CBCC Global Research,1.0,3.0,,,Ahmedabad,3.0,Naukri,4.6,28.0,Not Disclosed,False,Ahmedabad,City,True
207,Data Analyst,Phenompeople,4.0,9.0,,,Hyderabad / Secunderabad,30.0,Naukri,4.2,270.0,Not Disclosed,False,Hyderabad,City,True
208,Better - Data Analyst (2-4 yrs),BMTG Advisors India Private Limited,2.0,4.0,,,Remote,12.0,iimjobs,3.0,725.0,Not Disclosed,False,Remote,Remote,True
209,Data Analyst Trainer,Fortune Cloud Technologies,1.0,2.0,225000.0,375000.0,Pune,3.0,Naukri,4.4,56.0,Salary Listed by Company,True,Pune,City,True
210,Messaging Trust Data Analyst,Syniverse Technologies Services India Pvt. Ltd.,2.0,7.0,,,"Bangalore / Bengaluru, Hyderabad / Secunderabad",6.0,Naukri,3.3,111.0,Not Disclosed,False,Bangalore,City,True
211,Data Analyst II,SE2 Digital Service LLP,4.0,5.0,,,"Chennai, Pune, New Delhi
													+4 more",11.0,Naukri,3.5,85.0,Not Disclosed,False,Chennai,City,True
212,Data Analyst - 1,Capillary Technologies India Pvt. Ltd.,2.0,5.0,,,Bangalore / Bengaluru,12.0,Naukri,3.5,173.0,Not Disclosed,False,Bangalore,City,True
213,Senior Tableau Data Analyst,Apps Associates (I) Pvt. Ltd,5.0,7.0,,,Hyderabad / Secunderabad,21.0,Naukri,3.9,137.0,Not Disclosed,False,Hyderabad,City,True
214,Data Analyst  - SQL (1-11 yrs),A Tech India,1.0,11.0,,,"Bangalore / Bengaluru, Chennai, Goa
													+6 more",10.0,iimjobs,4.0,19.0,Not Disclosed,False,Bangalore,City,True
215,Content Data Analyst,GHX INDIA PRIVATE LIMITED,1.0,6.0,,,Hyderabad / Secunderabad,4.0,Naukri,3.8,15.0,Not Disclosed,False,Hyderabad,City,True
216,Senior Power BI/Data Analyst,Arcadis Consulting India Pvt. Ltd,7.0,10.0,,,Bangalore / Bengaluru,30.0,Naukri,4.2,191.0,Not Disclosed,False,Bangalore,City,True
217,Senior Data Analyst,Launch It Consulting,6.0,10.0,,,Hyderabad / Secunderabad,12.0,Naukri,3.5,56.0,Not Disclosed,False,Hyderabad,City,True
218,Master Data Analyst,Saasvaap,3.0,8.0,,,"Thiruvananthapuram, Cochin/Ernakulam/Kochi, Bangalore / Bengaluru",27.0,Naukri,4.2,65.0,Not Disclosed,False,Thiruvananthapuram,City,True
219,Snapmint - Data Analyst (0-1 yrs),Snapmint,0.0,1.0,,,"Mumbai, Bangalore / Bengaluru",11.0,iimjobs,3.9,27.0,Not Disclosed,False,Mumbai,City,True
220,Data Analyst - Python/Power BI (3-5 yrs),Golden Eagle IT Technologies Pvt Ltd.,3.0,5.0,,,Indore,17.0,hirist,4.3,15.0,Not Disclosed,False,Indore,City,True
221,Senior Data Analyst - Tableau/Power BI (3-5 yrs),Golden Eagle IT Technologies Pvt Ltd.,3.0,5.0,,,"Mp, Indore",17.0,hirist,4.3,15.0,Not Disclosed,False,Mp,State (not city),True
222,Analyst || Stanza Living || Gurgaon,Stanza Living,2.0,5.0,600000.0,800000.0,Gurgaon / Gurugram,5.0,Naukri,3.1,806.0,Salary Listed by Company,True,Gurgaon,City,True
223,Senior Data Analyst,Paxcom India,4.0,7.0,900000.0,1400000.0,Gurgaon / Gurugram,23.0,Naukri,4.0,56.0,Salary Listed by Company,True,Gurgaon,City,True
224,Senior Data Analyst III,VIACOM 18 MEDIA PRIVATE LIMITED,10.0,12.0,,,"Mumbai, Bangalore / Bengaluru",16.0,Naukri,3.7,74.0,Not Disclosed,False,Mumbai,City,True
225,Data Steward - EU Taxonomy Data (Analyst),Institutional Shareholder Services Inc.,1.0,4.0,,,Mumbai,27.0,Naukri,3.8,84.0,Not Disclosed,False,Mumbai,City,True
226,Data Analyst | Insurance,Cars24,5.0,8.0,,,Delhi/Ncr,30.0,Naukri,3.7,3000.0,Not Disclosed,False,Delhi,City,True
227,Data Analyst,Lenexis Foodworks,5.0,10.0,,,Mumbai,30.0,Naukri,4.1,121.0,Not Disclosed,False,Mumbai,City,True
228,Data Scientist,Manya Education,5.0,10.0,650000.0,1200000.0,New Delhi,5.0,Naukri,3.4,73.0,Salary Listed by Company,True,Delhi,City,True
229,Marketing Data Analyst,PGi,2.0,5.0,,,Hyderabad / Secunderabad,30.0,Naukri,4.2,106.0,Not Disclosed,False,Hyderabad,City,True
230,Data Analyst,YRG Care,4.0,5.0,,,Hyderabad / Secunderabad,30.0,Naukri,4.2,62.0,Not Disclosed,False,Hyderabad,City,True
231,BI Data Analyst,Comviva Technology,3.0,5.0,,,Gurgaon / Gurugram,20.0,Naukri,3.3,603.0,Not Disclosed,False,Gurgaon,City,True
232,Machine Learning Engineer - Python/Spark (5-8 yrs),SundayLabs,5.0,8.0,,,Bangalore / Bengaluru,30.0,hirist,4.8,13.0,Not Disclosed,False,Bangalore,City,True
233,Rezo.AI - Senior Data Analyst (4-6 yrs),Rezo.AI,4.0,6.0,,,Noida,24.0,hirist,4.0,57.0,Not Disclosed,False,Noida,City,True
234,Zimetrics Technologies - Business Intelligence/Data Analyst - Looker/SQL/Scripting (4-8 yrs),Zimetrics Technologies Private Limited,4.0,8.0,,,Pune,20.0,hirist,4.5,228.0,Not Disclosed,False,Pune,City,True
235,Futurisk Insurance Broking -Senior Data Analyst- Chennai,Futurisk Insurance Broking Company (P) ltd,3.0,8.0,500000.0,1100000.0,Chennai,24.0,Naukri,4.1,34.0,Salary Listed by Company,True,Chennai,City,True
236,Data Analyst,Husk Power Systems,5.0,7.0,,,Pune,20.0,Naukri,3.8,75.0,Not Disclosed,False,Pune,City,True
237,Data Analyst - SQL/Tableau (3-5 yrs),Overture Rede Private Limited.,3.0,5.0,,,Chennai,4.0,hirist,4.3,21.0,Not Disclosed,False,Chennai,City,True
238,Data Analyst,Accolite Digital,4.0,9.0,700000.0,1400000.0,Gurgaon / Gurugram,25.0,Naukri,3.4,593.0,Salary Listed by Company,True,Gurgaon,City,True
239,Senior System Analyst,Infinite Computer Solutions India Pvt. Ltd.,2.0,5.0,,,Noida,30.0,Naukri,3.5,1200.0,Not Disclosed,False,Noida,City,True
240,Tableau Developer - Analytics Dashboards (4-7 yrs),Indium Software,4.0,7.0,,,Chennai,30.0,hirist,4.1,698.0,Not Disclosed,False,Chennai,City,True
241,Data Analyst,Inchcape Shipping Services India Pvt. Ltd,2.0,5.0,360000.0,430000.0,Remote,24.0,Naukri,3.5,139.0,Estimated by Ambition Box,True,Remote,Remote,True
242,Business cum Data analyst,E Connect Solutions Pvt Ltd,10.0,13.0,,,Bhopal,30.0,Naukri,4.0,72.0,Not Disclosed,False,Bhopal,City,True
243,Data Analyst,Comviva Technology,3.0,8.0,500000.0,800000.0,Delhi/Ncr,23.0,Naukri,3.3,603.0,Salary Listed by Company,True,Delhi,City,True
244,Data Analyst,Deepak Foundation,5.0,6.0,,,Vadodara,26.0,Naukri,3.8,92.0,Not Disclosed,False,Vadodara,City,True
245,sr Data Scientist / Data Analyst 6+ yrs,Encore Infotech Services,6.0,9.0,,,Hyderabad / Secunderabad,22.0,Naukri,3.9,38.0,Not Disclosed,False,Hyderabad,City,True
246,Senior BI Data Analyst,Ignitho Technologies (India) Pvt.Ltd,4.0,6.0,,,Chennai,25.0,Naukri,4.0,37.0,Not Disclosed,False,Chennai,City,True
247,Data Analyst- Contractual role For Product based company,Protiviti India,3.0,5.0,600000.0,1000000.0,"Bangalore / Bengaluru, Bangalore Rural",25.0,Naukri,3.4,296.0,Salary Listed by Company,True,Bangalore,City,True
248,Data Analyst - Contractual role- Bangalore,Protiviti India,3.0,6.0,600000.0,1000000.0,"Bangalore / Bengaluru, Bangalore Rural",25.0,Naukri,3.4,296.0,Salary Listed by Company,True,Bangalore,City,True
249,Data analyst,"Thejo Engineering Ltd, Chennai",3.0,7.0,,,Chennai,30.0,Naukri,3.7,135.0,Not Disclosed,False,Chennai,City,True
250,SAP Data Analyst,Ford Global Business Services,1.0,5.0,,,Chennai,60.0,Naukri,4.5,726.0,Not Disclosed,False,Chennai,City,True
251,"Data Analyst, Credit Ratings",Morningstar India (P) Ltd.,0.0,2.0,,,Mumbai,30.0,Naukri,3.9,928.0,Not Disclosed,False,Mumbai,City,True
252,"Senior Data Analyst, Credit Ratings",Morningstar India (P) Ltd.,1.0,3.0,550000.0,800000.0,Mumbai,30.0,Naukri,3.9,928.0,Estimated by Ambition Box,True,Mumbai,City,True
253,Data Analyst PowerBI,Ebizon,1.0,3.0,,,Mumbai,6.0,Naukri,3.3,59.0,Not Disclosed,False,Mumbai,City,True
254,Data Analyst PowerBI,Ebizon Net Info Pvt Ltd,2.0,4.0,,,Mumbai,6.0,Naukri,3.3,59.0,Not Disclosed,False,Mumbai,City,True
255,Senior Data Analyst / Data Analyst Manager Immediate Requirement,Millennium Organisation,2.0,7.0,350000.0,700000.0,Mumbai,2.0,Naukri,3.4,25.0,Salary Listed by Company,True,Mumbai,City,True
256,Data Analyst,Clairvoyant India,4.0,7.0,,,"Pune, Bangalore Rural, Gurgaon / Gurugram",30.0,Naukri,4.0,73.0,Not Disclosed,False,Pune,City,True
257,Immediate requirement For Data Analyst (Power BI) - Indore,Annova Solutions Pvt Ltd,1.0,2.0,125000.0,275000.0,Indore,2.0,Naukri,3.9,125.0,Salary Listed by Company,True,Indore,City,True
258,Data Analyst/ Special Project Associate,Pattern Technologies,2.0,7.0,,,Pune,20.0,Naukri,3.2,10.0,Not Disclosed,False,Pune,City,True
259,Data Analyst/Masterfile Associate,Pattern Technologies,2.0,7.0,,,Pune,20.0,Naukri,3.2,10.0,Not Disclosed,False,Pune,City,True
260,"Data Analyst (SQL,Tableau,Power Bi)",REWISE ANALYTICS & TECHNOLOGIES PRIVATE LIMITED,3.0,8.0,,,Pune,12.0,Naukri,3.5,38.0,Not Disclosed,False,Pune,City,True
261,VBA Developer - Data Analytics (4-8 yrs),Conneqtcorp,4.0,8.0,,,Gurgaon / Gurugram,30.0,hirist,3.7,8000.0,Not Disclosed,False,Gurgaon,City,True
262,Senior Data Analyst,PivotRoots Digital Private Limited,2.0,6.0,,,Mumbai,22.0,Naukri,3.8,36.0,Not Disclosed,False,Mumbai,City,True
263,"Data Analyst(Sr Analyst, Data Science & Analytics)",Prutech Solutions,4.0,9.0,1000000.0,2000000.0,Bangalore Rural,30.0,Naukri,4.0,52.0,Salary Listed by Company,True,Bangalore Rural,City,True
264,Data Analyst,Trikon Telesoft Solutions Pvt. Ltd.,1.0,2.0,,,Ahmedabad,30.0,Naukri,4.4,48.0,Not Disclosed,False,Ahmedabad,City,True
265,Lead Data Analyst - DAX Power BI (10-15 yrs),Arting Digital,10.0,15.0,,,Bangalore / Bengaluru,23.0,hirist,4.8,27.0,Not Disclosed,False,Bangalore,City,True
266,Data Analyst - Statistics / Report Designing,3Di Systems,2.0,7.0,300000.0,700000.0,"Navi Mumbai, Thane",26.0,Naukri,3.9,44.0,Salary Listed by Company,True,Mumbai,City,True
267,Payment Data Specialist,Brevo,2.0,4.0,,,Noida,26.0,Naukri,3.9,40.0,Not Disclosed,False,Noida,City,True
268,Data Analyst - Immediate Joiner - Andheri,Millennium Organisation,0.0,3.0,125000.0,250000.0,Mumbai,5.0,Naukri,3.4,25.0,Salary Listed by Company,True,Mumbai,City,True
269,Master Data Analyst - SAP Implementation (8-10 yrs),Overture Rede Private Limited.,8.0,10.0,,,Remote,10.0,hirist,4.3,21.0,Not Disclosed,False,Remote,Remote,True
270,Senior Data Analyst - Online Gaming Platform (3-5 yrs),Zyoin Web Private Limited,3.0,5.0,,,Bangalore / Bengaluru,30.0,iimjobs,4.0,287.0,Not Disclosed,False,Bangalore,City,True
271,ESG Data Analyst  - ESG Newsroom,Institutional Shareholder Services Inc.,0.0,3.0,,,Mumbai,30.0,Naukri,3.8,84.0,Not Disclosed,False,Mumbai,City,True
272,Data Visualization Expert - Power BI/Qlikview (3-5 yrs),Connexions,3.0,5.0,,,Bangalore / Bengaluru,9.0,hirist,3.9,11.0,Not Disclosed,False,Bangalore,City,True
273,Data Analyst - Python/SQL (5-20 yrs),Aricent,5.0,20.0,,,"Mumbai, Pune, Maharashtra
													+9 more",2.0,hirist,3.6,2000.0,Not Disclosed,False,Mumbai,City,True
274,Data Analyst,SAVA Healthcare,0.0,5.0,,,"Delhi/Ncr, Mumbai, Bangalore / Bengaluru",11.0,Naukri,4.1,142.0,Not Disclosed,False,Delhi,City,True
275,Data Analyst (6-10 yrs),Trent Limited,6.0,10.0,,,Mumbai,30.0,hirist,4.1,1200.0,Not Disclosed,False,Mumbai,City,True
276,Data Analyst Trainee,Healthmug Pvt. Ltd.,0.0,1.0,250000.0,350000.0,Delhi/Ncr,19.0,Naukri,3.7,35.0,Salary Listed by Company,True,Delhi,City,True
277,Urgent Hiring For Data Analyst For Bangalore,Cantik technologies,6.0,9.0,1500000.0,2000000.0,Bangalore Rural,15.0,Naukri,4.2,40.0,Salary Listed by Company,True,Bangalore Rural,City,True
278,Senior Data Analyst,ANZ Banking Group,2.0,6.0,,,Bangalore / Bengaluru,60.0,Naukri,4.2,910.0,Not Disclosed,False,Bangalore,City,True
279,Data Analyst,Ericsson India Global Services Pvt. Ltd.,2.0,5.0,350000.0,900000.0,Noida,60.0,Naukri,4.2,6500.0,Estimated by Ambition Box,True,Noida,City,True
280,Data Analyst/Senior Data Analyst - Lending - IIT/IIIT/NIT/BITS (females only) (1-7 yrs),Antal International Network,1.0,7.0,,,Bangalore / Bengaluru,30.0,iimjobs,3.6,86.0,Not Disclosed,False,Bangalore,City,True
281,Data Analyst - Data Modeling & Visualization (1-17 yrs),Aricent,1.0,17.0,,,"Hyderabad / Secunderabad, Gujarat, Kerala
													+8 more",4.0,hirist,3.6,2000.0,Not Disclosed,False,Hyderabad,City,True
282,Manager - Storefront Planning and Analytics,Myntra.com,4.0,7.0,,,Bangalore / Bengaluru,30.0,Naukri,4.0,1700.0,Not Disclosed,False,Bangalore,City,True
283,Data Analyst,Myntra.com,2.0,7.0,,,Bangalore / Bengaluru,30.0,Naukri,4.0,1700.0,Not Disclosed,False,Bangalore,City,True
284,Data Analyst - BFSI (4-14 yrs),Envista Education,4.0,14.0,,,Mumbai,2.0,iimjobs,4.6,7.0,Not Disclosed,False,Mumbai,City,True
285,Full Stack (Python + ReactJs),Global Pharma Tek,3.0,7.0,,,Bangalore / Bengaluru,4.0,Naukri,3.3,21.0,Not Disclosed,False,Bangalore,City,True
286,Data Analyst - Oracle NetSuite,Global Pharma Tek,3.0,5.0,,,Bangalore / Bengaluru,4.0,Naukri,3.3,21.0,Not Disclosed,False,Bangalore,City,True
287,Data Analyst,Antara Senior Living,1.0,6.0,,,Gurgaon / Gurugram,30.0,Naukri,3.7,88.0,Not Disclosed,False,Gurgaon,City,True
288,Data Analyst,Hindustan Gold Industries,5.0,10.0,400000.0,600000.0,Ahmedabad,24.0,Naukri,4.5,44.0,Salary Listed by Company,True,Ahmedabad,City,True
289,Data Analyst-1,PGi,2.0,5.0,,,Hyderabad / Secunderabad,30.0,Naukri,4.2,106.0,Not Disclosed,False,Hyderabad,City,True
290,Data Analyst (Life Insurance),Spectrum Insurance Broking Pvt. Ltd.,1.0,5.0,250000.0,400000.0,New Delhi,9.0,Naukri,3.2,44.0,Salary Listed by Company,True,Delhi,City,True
291,Senior Data Analyst,Valeo India Pvt Ltd,3.0,6.0,,,Chennai,60.0,Naukri,4.1,1000.0,Not Disclosed,False,Chennai,City,True
292,LCM Data Analyst - Restructuring Analyst,ION,4.0,7.0,,,Mumbai,2.0,Naukri,3.6,132.0,Not Disclosed,False,Mumbai,City,True
293,Data Analyst,Draup,2.0,4.0,,,Bangalore / Bengaluru,30.0,Naukri,3.7,79.0,Not Disclosed,False,Bangalore,City,True
294,Tableau Developer - ETL/Data Warehousing (3-11 yrs),Aricent,3.0,11.0,,,"Bangalore / Bengaluru, Chennai, Mp
													+15 more",7.0,hirist,3.6,2000.0,Not Disclosed,False,Bangalore,City,True
295,Data Analyst,Ebizon Net Info Pvt Ltd,1.0,2.0,,,Dehradun,16.0,Naukri,3.3,59.0,Not Disclosed,False,Dehradun,City,True
296,Senior Data Analyst (Economics),Fibre2Fashion Pvt. Ltd.,4.0,5.0,,,"Thane, Mumbai",10.0,Naukri,4.1,46.0,Not Disclosed,False,Thane,City,True
297,Data Analyst Trainer/ Instructor,Internship Studio,2.0,4.0,400000.0,700000.0,Pune,13.0,Naukri,4.3,27.0,Salary Listed by Company,True,Pune,City,True
298,Data Security Analyst (4-10 yrs),IT,4.0,10.0,,,Bangalore / Bengaluru,30.0,hirist,3.5,4000.0,Not Disclosed,False,Bangalore,City,True
299,Target Corporation - Senior Data Analyst - Tableau (5-10 yrs),Target,5.0,10.0,,,Bangalore / Bengaluru,60.0,hirist,4.2,579.0,Not Disclosed,False,Bangalore,City,True
300,Data Analyst,Ericsson India Global Services Pvt. Ltd.,4.0,12.0,,,Noida,150.0,Naukri,4.2,6500.0,Not Disclosed,False,Noida,City,True
301,Data Analyst,Ericsson India Global Services Pvt. Ltd.,4.0,12.0,,,Patiala,150.0,Naukri,4.2,6500.0,Not Disclosed,False,Patiala,City,True
302,Senior Data Analyst (3-7 yrs),Zyoin,3.0,7.0,,,Bangalore / Bengaluru,30.0,iimjobs,4.0,287.0,Not Disclosed,False,Bangalore,City,True
303,Sr Data Analyst,Space Multimedia,7.0,12.0,2000000.0,2500000.0,Hyderabad / Secunderabad,11.0,Naukri,4.5,11.0,Salary Listed by Company,True,Hyderabad,City,True
304,Data Analyst,Antino Labs,2.0,4.0,,,Gurgaon / Gurugram,25.0,Naukri,3.4,109.0,Not Disclosed,False,Gurgaon,City,True
305,LCM Restructuring Data Analyst,ION,2.0,4.0,,,"Navi Mumbai, Mumbai, Mumbai",4.0,Naukri,3.6,132.0,Not Disclosed,False,Mumbai,City,True
306,Data Science Analyst - SQL/Python (3-18 yrs),Aricent,3.0,18.0,,,"Mumbai, Bangalore / Bengaluru, Hyderabad / Secunderabad
													+2 more",9.0,hirist,3.6,2000.0,Not Disclosed,False,Mumbai,City,True
307,ESG Data Analyst - Newsroom,Institutional Shareholder Services Inc.,2.0,6.0,,,Mumbai,30.0,Naukri,3.8,84.0,Not Disclosed,False,Mumbai,City,True
308,Data Analyst 3,Zynga Inc.,7.0,12.0,,,Bangalore / Bengaluru,30.0,Naukri,4.4,28.0,Not Disclosed,False,Bangalore,City,True
309,Octro - Data Analyst (3-6 yrs),Octro,3.0,6.0,,,Noida,10.0,iimjobs,3.8,60.0,Not Disclosed,False,Noida,City,True
310,Senior Systems Engineer II,REED ELSEVIER INDIA (a part of RELX India Pvt Ltd),4.0,7.0,,,Bangalore / Bengaluru,4.0,Naukri,3.7,91.0,Not Disclosed,False,Bangalore,City,True
311,Principal Data Analyst - Reference Data,REED ELSEVIER INDIA (a part of RELX India Pvt Ltd),4.0,9.0,,,Chennai,4.0,Naukri,3.7,91.0,Not Disclosed,False,Chennai,City,True
312,Data Analyst,Pepipost,2.0,3.0,,,Bangalore / Bengaluru,30.0,Naukri,4.2,183.0,Not Disclosed,False,Bangalore,City,True
313,Senior Business Analyst - R/SQL/Python (5-8 yrs),Spectrum Consulting,5.0,8.0,,,Chennai,24.0,hirist,3.3,143.0,Not Disclosed,False,Chennai,City,True
314,Data Analyst,Nits solutions Pvt Ltd,1.0,3.0,400000.0,832000.0,Gurgaon / Gurugram,18.0,Naukri,3.3,47.0,Estimated by Ambition Box,True,Gurgaon,City,True
315,Data Product Manager,Photon Infotech P Ltd,6.0,10.0,,,Chennai,30.0,Naukri,4.0,1400.0,Not Disclosed,False,Chennai,City,True
316,Data Analyst,RISKONNECT SERVICES,1.0,6.0,,,Remote,9.0,Naukri,4.5,12.0,Not Disclosed,False,Remote,Remote,True
317,Data Analyst,Rigved Technologies,3.0,7.0,,,"Mumbai suburbs, Mumbai",17.0,Naukri,3.2,54.0,Not Disclosed,False,Mumbai,City,True
318,Data Analyst,Affine Analytics,6.0,11.0,,,Bangalore Rural,26.0,Naukri,3.3,136.0,Not Disclosed,False,Bangalore Rural,City,True
319,Data Analyst,GoComet,1.0,3.0,,,"New Delhi, Gurgaon / Gurugram",24.0,Naukri,4.4,41.0,Not Disclosed,False,Delhi,City,True
320,IBS Business Data Analyst,Mondel z International,1.0,5.0,,,Mumbai,120.0,Naukri,4.4,895.0,Not Disclosed,False,Mumbai,City,True
321,Media Scan,Designboxed,2.0,4.0,,,Pune,11.0,Naukri,2.9,57.0,Not Disclosed,False,Pune,City,True
322,Hiring Kuwait-DATA Analyst/Surveyor/Darftsman,Ingenious Overseas Consultancy,5.0,7.0,,,Kuwait,5.0,Naukri,4.8,6.0,Not Disclosed,False,Kuwait,International,True
323,Data Analyst,Nits Solutions,2.0,7.0,,,Delhi/Ncr,20.0,Naukri,3.3,47.0,Not Disclosed,False,Delhi,City,True
324,Senior Data Analyst (3-6 yrs),Zyoin,3.0,6.0,,,Bangalore / Bengaluru,30.0,iimjobs,4.0,287.0,Not Disclosed,False,Bangalore,City,True
325,"Team Leader - Data Analyst || Credgenics(Python,SQL )",Credgenics,2.0,7.0,,,"Delhi/Ncr, New Delhi, Noida",7.0,Naukri,3.7,79.0,Not Disclosed,False,Delhi,City,True
326,Data Analyst - Tableau (7-12 yrs),Experis IT Private Limited,7.0,12.0,,,Bangalore / Bengaluru,30.0,hirist,3.1,523.0,Not Disclosed,False,Bangalore,City,True
327,Gallagher - Senior Analyst - Business Intelligence (4-10 yrs),Gallaghar,4.0,10.0,,,Bangalore / Bengaluru,60.0,hirist,3.9,1600.0,Not Disclosed,False,Bangalore,City,True
328,Web Researcher,Cct Digisol,0.0,1.0,,,Ahmedabad,3.0,Naukri,3.8,33.0,Not Disclosed,False,Ahmedabad,City,True
329,Data Analyst,Nimbus Pipes Ltd,2.0,3.0,,,Jaipur,12.0,Naukri,4.4,14.0,Not Disclosed,False,Jaipur,City,True
330,Senior Data Analyst,Tarento Technologies Pvt Ltd,6.0,11.0,,,Bangalore / Bengaluru,30.0,Naukri,4.0,96.0,Not Disclosed,False,Bangalore,City,True
331,Senior Data Analyst - R/SQL/Python (3-6 yrs),Zyoin,3.0,6.0,,,Bangalore / Bengaluru,30.0,hirist,4.0,287.0,Not Disclosed,False,Bangalore,City,True
332,Data Analyst - Hadoop/Hive (4-5 yrs),Protiviti India Member Private limited,4.0,5.0,,,Bangalore / Bengaluru,30.0,hirist,3.3,242.0,Not Disclosed,False,Bangalore,City,True
333,Data Analyst - B2C (3-6 yrs),Zyoin Web Pvt Ltd,3.0,6.0,,,Bangalore / Bengaluru,30.0,iimjobs,4.0,287.0,Not Disclosed,False,Bangalore,City,True
334,Human Resources Data Analyst II,Coperion Ideal Pvt. Ltd.,2.0,4.0,,,Coimbatore,20.0,Naukri,3.1,41.0,Not Disclosed,False,Coimbatore,City,True
335,Data Analyst,Bottle Lab Technologies Pvt. Ltd (SmartQ),0.0,1.0,,,Bangalore / Bengaluru,30.0,Naukri,4.0,82.0,Not Disclosed,False,Bangalore,City,True
336,IQVIA  - Data Analyst (0-1 yrs),IQVIA,0.0,1.0,,,Pune,60.0,iimjobs,4.0,3600.0,Not Disclosed,False,Pune,City,True
337,Data Analyst,NEXTWAVE MULTIMEDIA (P) LTD.,2.0,7.0,,,Chennai,3.0,Naukri,4.0,16.0,Not Disclosed,False,Chennai,City,True
338,Data Analyst / Business Intelligence,Monrow Shoes,2.0,4.0,,,Bangalore / Bengaluru,9.0,Naukri,4.7,7.0,Not Disclosed,False,Bangalore,City,True
339,Urgent Hiring Data  Analyst   Night Shift (7PM- 4AM)Noida 63,Emonics,4.0,9.0,,,Noida,20.0,Naukri,3.9,88.0,Not Disclosed,False,Noida,City,True
340,Data Analyst - Marketing,NEC SOFTWARE SOLUTIONS (INDIA) PRIVATE LIMITED,5.0,8.0,,,Mumbai,23.0,Naukri,3.9,134.0,Not Disclosed,False,Mumbai,City,True
341,Data Analyst,Wellthy Therapeutics Pvt Ltd.,1.0,3.0,,,Remote,30.0,Naukri,3.8,43.0,Not Disclosed,False,Remote,Remote,True
342,Data Analyst,Capillary Technologies India Pvt. Ltd.,2.0,5.0,,,Bangalore / Bengaluru,30.0,Naukri,3.5,173.0,Not Disclosed,False,Bangalore,City,True
343,Data Analyst ( Hindi),Refex Group,0.0,1.0,,,Chennai,11.0,Naukri,4.4,11.0,Not Disclosed,False,Chennai,City,True
344,NITS Solutions - Data Analyst - R/Python/SQL (2-4 yrs),NITS Solutions,2.0,4.0,,,Gurgaon / Gurugram,25.0,hirist,3.3,47.0,Not Disclosed,False,Gurgaon,City,True
345,EMOB Data Analyst,VOLVO ASSET FINANCE INDIA PRIVATE LIMITED,1.0,4.0,,,Bangalore / Bengaluru,10.0,Naukri,4.0,20.0,Not Disclosed,False,Bangalore,City,True
346,Hiring Data Analyst,Ericson Insurance TPA,3.0,8.0,400000.0,500000.0,Mumbai,13.0,Naukri,3.8,58.0,Salary Listed by Company,True,Mumbai,City,True
347,Data Analyst - Senior,M/s. orange business services,2.0,6.0,,,Gurgaon / Gurugram,90.0,Naukri,4.3,1200.0,Not Disclosed,False,Gurgaon,City,True
348,Data Analyst Trainer,Btree Systems (opc),0.0,1.0,150000.0,250000.0,Chennai,27.0,Naukri,4.9,9.0,Salary Listed by Company,True,Chennai,City,True
349,Dispute Analyst,Vinculum Solutions,2.0,5.0,,,"Gandhinagar, Ahmedabad",27.0,Naukri,3.1,146.0,Not Disclosed,False,Gandhinagar,City,True
350,Jr Data Analyst,Synergy Connect Data Innovations,1.0,2.0,,,Mumbai,13.0,Naukri,4.7,7.0,Not Disclosed,False,Mumbai,City,True
351,Data Analyst,Jibe Development Services,2.0,5.0,240000.0,200000.0,"Chennai, Navi Mumbai",25.0,Naukri,3.2,54.0,Estimated by Ambition Box,True,Chennai,City,True
352,Supply Chain Data Analyst,EMERSON INNOVATION CENTER,2.0,5.0,,,Pune,180.0,Naukri,4.2,391.0,Not Disclosed,False,Pune,City,True
353,Procurement Analyst & Admin For UK Clients,Unipath Solutions,3.0,7.0,400000.0,600000.0,Ahmedabad,18.0,Naukri,4.2,23.0,Salary Listed by Company,True,Ahmedabad,City,True
354,Database Analyst - iAM (5-30 yrs),Careator Technologies Pvt Ltd,5.0,30.0,,,Bangalore / Bengaluru,30.0,hirist,4.5,15.0,Not Disclosed,False,Bangalore,City,True
355,EY - Data Analyst - SQL/Python (2-5 yrs),Ernst & Young,2.0,5.0,,,Mumbai,60.0,hirist,3.6,9000.0,Not Disclosed,False,Mumbai,City,True
356,ADAS Data Analyst_Engineer,Renault India Pvt Ltd,5.0,6.0,,,Chennai,60.0,Naukri,4.3,465.0,Not Disclosed,False,Chennai,City,True
357,TBO - Senior Data Analyst (12-22 yrs),TBO.COM,12.0,22.0,,,Gurgaon / Gurugram,2.0,iimjobs,3.8,14.0,Not Disclosed,False,Gurgaon,City,True
358,Lead Data Analyst,Arting Digital,4.0,7.0,,,Bangalore / Bengaluru,30.0,Naukri,4.8,27.0,Not Disclosed,False,Bangalore,City,True
359,Data Analyst,OneMagnify,5.0,10.0,1470000.0,1500000.0,Chennai,11.0,Naukri,4.0,17.0,Estimated by Ambition Box,True,Chennai,City,True
360,Better - Senior Data Analyst (3-7 yrs),BMTG Advisors India Private Limited,3.0,7.0,,,Gurgaon / Gurugram,30.0,iimjobs,3.0,725.0,Not Disclosed,False,Gurgaon,City,True
361,PhysicsWallah - Regional Analyst - Python/Data Visualization (2-3 yrs),PhysicsWallah,2.0,3.0,,,Bangalore / Bengaluru,60.0,hirist,3.8,1200.0,Not Disclosed,False,Bangalore,City,True
362,Data Analyst,ADA TECH SOLUTIONS PRIVATE LIMITED,3.0,5.0,50000.0,70000.0,Nashik,30.0,Naukri,3.3,47.0,Salary Listed by Company,True,Nashik,City,True
363,Data Quality Analyst,Bigtapp Analytics,3.0,6.0,,,Chennai,9.0,Naukri,4.3,7.0,Not Disclosed,False,Chennai,City,True
364,Data Analyst/ Content Management,S&P Capital IQ (India) Pvt. Ltd,0.0,1.0,,,Ahmedabad,330.0,First Naukri,4.2,2200.0,Not Disclosed,False,Ahmedabad,City,True
365,Data Analyst_Ahmedabad,S&P Capital IQ (India) Pvt. Ltd,0.0,1.0,,,Ahmedabad,330.0,First Naukri,4.2,2200.0,Not Disclosed,False,Ahmedabad,City,True
366,Technical Lead,Chubb,2.0,5.0,,,"Nizamabad, Warangal, Hyderabad / Secunderabad",60.0,Naukri,3.8,128.0,Not Disclosed,False,Nizamabad,City,True
367,Senior Software Engineer,Chubb,4.0,8.0,1350000.0,2000000.0,"Nizamabad, Warangal, Hyderabad / Secunderabad",60.0,Naukri,3.8,128.0,Estimated by Ambition Box,True,Nizamabad,City,True
368,Supply Chain Data Analyst,Simpli Home Ltd.,2.0,4.0,,,India,18.0,Naukri,4.1,5.0,Not Disclosed,False,India,International,True
369,Data Analyst (Tech BA + Banking),Bigtapp Analytics,5.0,8.0,,,Chennai,10.0,Naukri,4.3,7.0,Not Disclosed,False,Chennai,City,True
370,Droom -  Data Analyst - Data Science (1-4 yrs),Droom Technology (P) Ltd,1.0,4.0,,,Gurgaon / Gurugram,30.0,iimjobs,3.5,153.0,Not Disclosed,False,Gurgaon,City,True
371,Senior Data Analyst - Reporting Analytics & Dashboard (6-12 yrs),HEPL - A Cavinkare Group Company(Consultant),6.0,12.0,,,Jaipur,27.0,hirist,3.9,106.0,Not Disclosed,False,Jaipur,City,True
372,HEPL - Senior Data Analyst (6-12 yrs),HEPL - A Cavinkare Group Company,6.0,12.0,,,Jaipur,27.0,iimjobs,3.9,106.0,Not Disclosed,False,Jaipur,City,True
373,Data Analyst  - Mohammed Enterprises Tanzania Ltd (METL)- Dubai,Mohammed Enterprises Tanzania Ltd (metl),2.0,6.0,,,Dubai/Uae,18.0,Naukri,3.8,57.0,Not Disclosed,False,Dubai,International,True
374,Data Analyst - SQL/Python (3-5 yrs),Programming.com,3.0,5.0,,,Bangalore / Bengaluru,14.0,hirist,3.4,7.0,Not Disclosed,False,Bangalore,City,True
375,Senior Data Analyst - Python/Pyspark/SQL - Insurance (4-6 yrs),Huquo Consulting,4.0,6.0,,,Delhi ncr,2.0,iimjobs,3.8,14.0,Not Disclosed,False,Delhi,City,True
376,Data Analyst/Senior Data Analyst - SQL/Tableau (3-9 yrs),Huquo Consulting,3.0,9.0,,,Gurgaon / Gurugram,2.0,hirist,3.8,14.0,Not Disclosed,False,Gurgaon,City,True
377,Assistant Manager - Data Analyst (3-6 yrs),HuQuo Consulting Pvt. Ltd.,3.0,6.0,,,Gurgaon / Gurugram,2.0,iimjobs,3.8,14.0,Not Disclosed,False,Gurgaon,City,True
378,Manager/Senior Data Analyst - Consulting Firm (5-8 yrs),HuQuo Consulting Pvt. Ltd.,5.0,8.0,,,Gurgaon / Gurugram,2.0,iimjobs,3.8,14.0,Not Disclosed,False,Gurgaon,City,True
379,Clinical Data Analyst - Epic System (3-6 yrs),Huquo,3.0,6.0,,,"Hyderabad / Secunderabad, Pune, Gurgaon / Gurugram",2.0,hirist,3.8,14.0,Not Disclosed,False,Hyderabad,City,True
380,Data Analyst - Workforce Management - Aspects/Alavaria (3-8 yrs),Huquo Consulting,3.0,8.0,,,Gurgaon / Gurugram,2.0,iimjobs,3.8,14.0,Not Disclosed,False,Gurgaon,City,True
381,Data Analyst - Power BI/SQL (1-3 yrs),Huquo Consulting,1.0,3.0,,,Delhi ncr,2.0,iimjobs,3.8,14.0,Not Disclosed,False,Delhi,City,True
382,Business Analyst/Data Analyst (3-7 yrs),Huquo Consulting,3.0,7.0,,,Delhi ncr,2.0,iimjobs,3.8,14.0,Not Disclosed,False,Delhi,City,True
383,Assistant Manager/Lead Assistant Manager - Data Analytics (3-7 yrs),HuQuo Consulting Pvt. Ltd.,3.0,7.0,,,Gurgaon / Gurugram,2.0,hirist,3.8,14.0,Not Disclosed,False,Gurgaon,City,True
384,Data Analyst - Altreyx & SQL - Acturial Team (1-6 yrs),Huquo Consulting,1.0,6.0,,,Delhi ncr,2.0,iimjobs,3.8,14.0,Not Disclosed,False,Delhi,City,True
385,Senior Data Analyst - Workforce Management/Forecasting - Consulting Firm (5-6 yrs),Huquo Consulting,5.0,6.0,,,Delhi ncr,2.0,iimjobs,3.8,14.0,Not Disclosed,False,Delhi,City,True
386,Data Analyst - SAS/SQL/Power BI  - Consulting Firm (4-10 yrs),Huquo Consulting,4.0,10.0,,,Gurgaon / Gurugram,2.0,iimjobs,3.8,14.0,Not Disclosed,False,Gurgaon,City,True
387,Data Analyst - Machine/Deep Learning Algorithms (2-9 yrs),Huquo Consulting,2.0,9.0,,,"Delhi ncr, Gurgaon / Gurugram",2.0,hirist,3.8,14.0,Not Disclosed,False,Delhi,City,True
388,Data Analyst - Consulting Firm (1-3 yrs),HuQuo Consulting Pvt. Ltd.,1.0,3.0,,,Delhi ncr,2.0,iimjobs,3.8,14.0,Not Disclosed,False,Delhi,City,True
389,Assistant Manager/Lead Assistant Manager - Data Analyst - SQL/Tableau/Alteryx (3-6 yrs),HuQuo Consulting Pvt. Ltd.,3.0,6.0,,,Gurgaon / Gurugram,2.0,iimjobs,3.8,14.0,Not Disclosed,False,Gurgaon,City,True
390,Data Analyst/Senior Data Analyst - Data Modelling - Power BI/SQL/Snowflake (5-10 yrs),Huquo Consulting,5.0,10.0,,,Gurgaon / Gurugram,2.0,iimjobs,3.8,14.0,Not Disclosed,False,Gurgaon,City,True
391,Senior Data Analyst/Manager - Spark (5-8 yrs),HuQuo Consulting Pvt. Ltd.,5.0,8.0,,,Gurgaon / Gurugram,2.0,hirist,3.8,14.0,Not Disclosed,False,Gurgaon,City,True
392,Power BI Developer - Data Analytics (3-7 yrs),Www.Huquo.com,3.0,7.0,,,Gurgaon / Gurugram,2.0,hirist,3.8,14.0,Not Disclosed,False,Gurgaon,City,True
393,Data Analyst - ETL/Data Warehousing (3-6 yrs),Www.Huquo.com,3.0,6.0,,,Gurgaon / Gurugram,2.0,hirist,3.8,14.0,Not Disclosed,False,Gurgaon,City,True
394,Senior Business Analyst - Data Analyst - BFS (1-3 yrs),HuQuo Consulting Pvt. Ltd.,1.0,3.0,,,Gurgaon / Gurugram,2.0,iimjobs,3.8,14.0,Not Disclosed,False,Gurgaon,City,True
395,Lead/Assistant Manager/Data Analyst - Python/SQL (4-6 yrs),HuQuo Consulting Pvt. Ltd.,4.0,6.0,,,Gurgaon / Gurugram,2.0,iimjobs,3.8,14.0,Not Disclosed,False,Gurgaon,City,True
396,Data Quality Analyst Lead,Bigtapp Analytics,7.0,11.0,,,Chennai,11.0,Naukri,4.3,7.0,Not Disclosed,False,Chennai,City,True
397,Data Analyst - Immediate Joiner - Andheri,Millennium Organisation,0.0,3.0,125000.0,250000.0,Mumbai,29.0,Naukri,3.4,25.0,Salary Listed by Company,True,Mumbai,City,True
398,Presales Data Analyst,DiLytics Technologies Private Limited,1.0,10.0,,,Hyderabad / Secunderabad,16.0,Naukri,4.3,11.0,Not Disclosed,False,Hyderabad,City,True
399,Data Analyst - Tableau/Power BI (3-5 yrs),Ds,3.0,5.0,,,Bangalore / Bengaluru,6.0,hirist,3.6,24.0,Not Disclosed,False,Bangalore,City,True
400,Hindustan Coca Cola Beverages - Data Analyst (3-6 yrs),Coca Cola Beverages Pvt Ltd,3.0,6.0,,,Bangalore / Bengaluru,90.0,iimjobs,4.2,2500.0,Not Disclosed,False,Bangalore,City,True
401,Data Analyst,Adidas Group,2.0,4.0,1600000.0,2500000.0,Gurgaon / Gurugram,365.0,Naukri,4.0,510.0,Estimated by Ambition Box,True,Gurgaon,City,True
402,Senior Cognos BI Developer - Data Analytics (12-14 yrs),Cortex Consulting Pvt. Ltd.,12.0,14.0,,,Remote,17.0,hirist,3.1,16.0,Not Disclosed,False,Remote,Remote,True
403,Senior Spend Data Analyst - BFSI/IT (5-8 yrs),Counselect Services Private Limited,5.0,8.0,,,Mumbai,60.0,iimjobs,4.2,50.0,Not Disclosed,False,Mumbai,City,True
404,Data Analyst Trainee,ZCTS,0.0,1.0,,,Coimbatore,17.0,Naukri,3.8,37.0,Not Disclosed,False,Coimbatore,City,True
405,TS - Data Analyst,Srivango,4.0,8.0,900000.0,1500000.0,Kolkata,5.0,Naukri,4.2,7.0,Salary Listed by Company,True,Kolkata,City,True
406,Data Analyst,Kellton Tech Solutions Ltd,5.0,10.0,,,Gurgaon / Gurugram,30.0,Naukri,3.0,309.0,Not Disclosed,False,Gurgaon,City,True
407,Milkbasket - Data Analyst/Senior Data Analyst (3-6 yrs),Milkbasket,3.0,6.0,,,Gurgaon / Gurugram,30.0,iimjobs,3.8,274.0,Not Disclosed,False,Gurgaon,City,True
408,Data Analyst - R/Python (5-12 yrs),Zelarsoft Pvt.Ltd.,5.0,12.0,,,Hyderabad / Secunderabad,6.0,hirist,3.5,27.0,Not Disclosed,False,Hyderabad,City,True
409,Power BI (HR),Burns McDonnell,2.0,3.0,,,Mumbai,240.0,Naukri,4.3,252.0,Not Disclosed,False,Mumbai,City,True
410,Senior Executive - Data Analyst,Ecom Express Private Limited,3.0,5.0,300000.0,600000.0,Gurgaon / Gurugram,270.0,Naukri,4.0,3300.0,Estimated by Ambition Box,True,Gurgaon,City,True
411,Data Analyst - Global Support,Siemens Limited,1.0,4.0,,,Thane,90.0,Naukri,4.2,4200.0,Not Disclosed,False,Thane,City,True
412,Data Analyst,Siemens Limited,0.0,6.0,,,Bangalore / Bengaluru,150.0,Naukri,4.2,4200.0,Not Disclosed,False,Bangalore,City,True
413,Electrical / Energy Expert and Data Analyst,Siemens Limited,6.0,8.0,,,Thane,90.0,Naukri,4.2,4200.0,Not Disclosed,False,Thane,City,True
414,IT Data Analyst,Siemens Limited,5.0,10.0,,,Bangalore / Bengaluru,120.0,Naukri,4.2,4200.0,Not Disclosed,False,Bangalore,City,True
415,Data Analyst ( On Contract ),Electronic Arts,2.0,3.0,,,Hyderabad / Secunderabad,365.0,Naukri,4.3,67.0,Not Disclosed,False,Hyderabad,City,True
416,Data Analyst at Electronic Arts,Electronic Arts,3.0,6.0,,,Hyderabad / Secunderabad,1095.0,Naukri,4.3,67.0,Not Disclosed,False,Hyderabad,City,True
417,Data Visualization Expert - Power BI/Qlikview (3-5 yrs),Connexions,3.0,5.0,,,Bangalore / Bengaluru,30.0,hirist,3.9,11.0,Not Disclosed,False,Bangalore,City,True
418,Data Analyst Trainee / Engineer,Electrodrive Powertrain Solutions,0.0,2.0,,,Pune,16.0,Naukri,3.7,35.0,Not Disclosed,False,Pune,City,True
419,Data Analyst - NA Mobility,Arcadis Consulting India Pvt. Ltd,2.0,5.0,,,"Bangalore / Bengaluru, Hyderabad / Secunderabad",330.0,Naukri,4.2,191.0,Not Disclosed,False,Bangalore,City,True
420,Senior Data Analyst,Better Mortgage,3.0,7.0,,,Gurgaon / Gurugram,30.0,Naukri,3.0,725.0,Not Disclosed,False,Gurgaon,City,True
421,Data Analyst - Qliksense (6-14 yrs),SAR HR Consultancy,6.0,14.0,,,Gurgaon / Gurugram,11.0,iimjobs,4.5,6.0,Not Disclosed,False,Gurgaon,City,True
422,MIS Data Analyst-Retail FMCG - Bangalore,The Organic World,2.0,5.0,,,Bangalore / Bengaluru,6.0,Naukri,4.1,8.0,Not Disclosed,False,Bangalore,City,True
423,Data Analyst,STP Research,1.0,4.0,,,New Delhi,30.0,Naukri,4.7,4.0,Not Disclosed,False,Delhi,City,True
424,Jr Data Analyst,Synergy Connect Data Innovations,2.0,3.0,,,Mumbai,23.0,Naukri,4.7,7.0,Not Disclosed,False,Mumbai,City,True
425,Data Analyst - R/Python (3-6 yrs),Kudos India Pvt Ltd,3.0,6.0,,,Mumbai,10.0,hirist,4.8,4.0,Not Disclosed,False,Mumbai,City,True
426,Data Engineer/ Data Analyst,Chryselys,2.0,7.0,500000.0,1300000.0,"Chennai, Hyderabad / Secunderabad",13.0,Naukri,3.8,21.0,Estimated by Ambition Box,True,Chennai,City,True
427,Thoucentric - Data Analyst (0-1 yrs),Thoucentric Technology Pvt. Ltd.,0.0,1.0,,,Bangalore / Bengaluru,30.0,hirist,3.8,89.0,Not Disclosed,False,Bangalore,City,True
428,Thoucentric -  Data Analyst (2-5 yrs),Thoucentric Technology Private Limited,2.0,5.0,,,Bangalore / Bengaluru,30.0,iimjobs,3.8,89.0,Not Disclosed,False,Bangalore,City,True
429,Priority Technology Holdings - Data Analyst - SQL/Looker/Tableau (2-5 yrs),Priority Technology Holdings,2.0,5.0,,,Chandigarh,3.0,hirist,3.1,46.0,Not Disclosed,False,Chandigarh,City,True
430,Junior Data Analyst,super scholar,0.0,6.0,,,Mumbai,6.0,Naukri,3.8,11.0,Not Disclosed,False,Mumbai,City,True
431,Senior Data Analyst,PVH,4.0,6.0,,,"Chennai, Pune, New Delhi
													+4 more",150.0,Naukri,4.3,61.0,Not Disclosed,False,Chennai,City,True
432,SQL Data/BI Analyst - Mumbai (Dadar),Quosphere,3.0,8.0,600000.0,800000.0,Mumbai,6.0,Naukri,2.5,20.0,Salary Listed by Company,True,Mumbai,City,True
433,Data Analyst,Clairvoyant India Pvt. Ltd,2.0,6.0,,,Hyderabad / Secunderabad,60.0,Naukri,4.0,73.0,Not Disclosed,False,Hyderabad,City,True
434,Sr. Data Analyst,Clairvoyant India Pvt. Ltd,5.0,8.0,,,Hyderabad / Secunderabad,60.0,Naukri,4.0,73.0,Not Disclosed,False,Hyderabad,City,True
435,Data Analyst,DAZN Group,4.0,8.0,,,Hyderabad / Secunderabad,60.0,Naukri,4.5,11.0,Not Disclosed,False,Hyderabad,City,True
436,Data Analyst - Tableau/Power BI (5-10 yrs),Varite India,5.0,10.0,,,Bangalore / Bengaluru,30.0,hirist,3.7,162.0,Not Disclosed,False,Bangalore,City,True
437,Netradyne - Staff Data Analyst - Python/SQL (7-9 yrs),Netradyne Technologies India Pvt Ltd,7.0,9.0,,,Bangalore / Bengaluru,16.0,hirist,3.6,37.0,Not Disclosed,False,Bangalore,City,True
438,Senior Manager/Data Analyst (4-10 yrs),C2FO,4.0,10.0,,,Noida,19.0,hirist,3.6,53.0,Not Disclosed,False,Noida,City,True
439,Manager/Senior Manager - Data Governance Products (10-13 yrs),HuQuo,10.0,13.0,,,Pune,9.0,hirist,3.8,14.0,Not Disclosed,False,Pune,City,True
440,Manager/Senior Manager - Data Analyst (2-10 yrs),HuQuo,2.0,10.0,,,"Delhi ncr, Mumbai, Bangalore / Bengaluru
													+5 more",9.0,iimjobs,3.8,14.0,Not Disclosed,False,Delhi,City,True
441,Data Analyst - Business Intelligence (1-3 yrs),HuQuo Consulting Pvt. Ltd.,1.0,3.0,,,Gurgaon / Gurugram,9.0,hirist,3.8,14.0,Not Disclosed,False,Gurgaon,City,True
442,Senior Research Analyst - Data Analytics (5-8 yrs),HuQuo,5.0,8.0,,,Gurgaon / Gurugram,9.0,hirist,3.8,14.0,Not Disclosed,False,Gurgaon,City,True
443,Data Engineer - Python/Hadoop (2-8 yrs),HuQuo,2.0,8.0,,,Gurgaon / Gurugram,9.0,hirist,3.8,14.0,Not Disclosed,False,Gurgaon,City,True
444,Assistant Manager/Lead Manager - Data Analytics (3-6 yrs),HuQuo Consulting Pvt. Ltd.,3.0,6.0,,,Gurgaon / Gurugram,9.0,hirist,3.8,14.0,Not Disclosed,False,Gurgaon,City,True
445,Manager/Senior Manager - Data Analyst - KPO (5-7 yrs),HuQuo,5.0,7.0,,,"Hyderabad / Secunderabad, Pune, Gurgaon / Gurugram",9.0,iimjobs,3.8,14.0,Not Disclosed,False,Hyderabad,City,True
446,Data Analyst,Paktolus solutions,1.0,2.0,,,Mumbai,24.0,Naukri,3.9,27.0,Not Disclosed,False,Mumbai,City,True
447,Data Analyst,PreludeSys India Ltd,5.0,7.0,,,Chennai,30.0,Naukri,3.6,217.0,Not Disclosed,False,Chennai,City,True
448,Senior Data Analyst,Whatfix,3.0,5.0,,,Bangalore / Bengaluru,30.0,Naukri,3.5,72.0,Not Disclosed,False,Bangalore,City,True
449,Data Analyst,Oceaneering International Services Limited,3.0,8.0,,,Chandigarh,90.0,Naukri,4.0,232.0,Not Disclosed,False,Chandigarh,City,True
450,GVM Data Analyst,Sony India Software Centre Pvt Ltd,1.0,4.0,,,Bangalore / Bengaluru,365.0,Naukri,4.3,1100.0,Not Disclosed,False,Bangalore,City,True
451,Research Analyst,CapeStart Software Private Limited,1.0,5.0,190000.0,350000.0,Nagercoil,150.0,Naukri,4.6,268.0,Estimated by Ambition Box,True,Nagercoil,City,True
452,Software Engineer,Chubb,7.0,10.0,,,"Nizamabad, Warangal, Hyderabad / Secunderabad",60.0,Naukri,3.8,128.0,Not Disclosed,False,Nizamabad,City,True
453,Junior Data Analyst,Consulting And Beyond,0.0,1.0,100000.0,200000.0,Chennai,3.0,Naukri,4.3,5.0,Salary Listed by Company,True,Chennai,City,True
454,Data Analyst,D2 International,3.0,8.0,,,Kolkata,12.0,Naukri,3.6,23.0,Not Disclosed,False,Kolkata,City,True
455,Softsensor AI - Senior Consultant Manager/Data Analyst - Analytics (2-4 yrs),Softsensor AI LLC,2.0,4.0,,,Gurgaon / Gurugram,14.0,iimjobs,3.8,18.0,Not Disclosed,False,Gurgaon,City,True
456,Digit88 Technologies - Data Analyst - SQL/Python (4-7 yrs),DIGIT88 TECHNOLOGIES PVT LTD,4.0,7.0,,,Pune,7.0,hirist,3.6,15.0,Not Disclosed,False,Pune,City,True
457,Data Analyst,KRSNAA Diagnostics,1.0,5.0,,,Pune,270.0,Naukri,3.9,378.0,Not Disclosed,False,Pune,City,True
458,Data Analyst (5-12 yrs),Personnel Search Services,5.0,12.0,,,"Mumbai, Navi Mumbai",30.0,iimjobs,4.7,6.0,Not Disclosed,False,Mumbai,City,True
459,Data Analyst,InnovAccer,1.0,4.0,550000.0,1300000.0,Noida,30.0,Naukri,3.1,290.0,Estimated by Ambition Box,True,Noida,City,True
460,Lead Data Analyst,InnovAccer,5.0,6.0,3200000.0,2500000.0,Noida,30.0,Naukri,3.1,290.0,Estimated by Ambition Box,True,Noida,City,True
461,Priority Technology Holdings - Data Analyst - Tableau/Power BI (2-5 yrs),Priority Technology Holdings,2.0,5.0,,,Chandigarh,7.0,hirist,3.1,46.0,Not Disclosed,False,Chandigarh,City,True
462,Data Analyst,Experian PLC,3.0,5.0,,,Mumbai,60.0,Naukri,3.7,84.0,Not Disclosed,False,Mumbai,City,True
463,Manager - Data Analytics & Engineering (5-10 yrs),Credit Saison,5.0,10.0,,,Bangalore / Bengaluru,27.0,hirist,3.8,42.0,Not Disclosed,False,Bangalore,City,True
464,Associate BI Developer - Data Visualization (1-3 yrs),Kaplan,1.0,3.0,,,Bangalore / Bengaluru,60.0,hirist,3.7,58.0,Not Disclosed,False,Bangalore,City,True
465,Lead Data Analyst,Cimpress India,5.0,10.0,,,Bangalore / Bengaluru,90.0,Naukri,3.9,266.0,Not Disclosed,False,Bangalore,City,True
466,Data Analyst,conneqtbusinesssolutions,1.0,3.0,,,Bangalore / Bengaluru,150.0,Naukri,3.7,8000.0,Not Disclosed,False,Bangalore,City,True
467,Senior Data Analyst,InApp Information Technologies,6.0,11.0,,,"Thiruvananthapuram, Cochin/Ernakulam/Kochi",180.0,Naukri,4.7,56.0,Not Disclosed,False,Thiruvananthapuram,City,True
468,Data Analyst - Python (3-7 yrs),"Triad Square Pvt Ltd.,",3.0,7.0,,,Bangalore / Bengaluru,30.0,hirist,4.0,30.0,Not Disclosed,False,Bangalore,City,True
469,Data Analyst II - BI Development (5-5 yrs),MEREDITH INDIA SERVICES PRIVATE LIMITED,5.0,5.0,,,Bangalore / Bengaluru,30.0,hirist,4.3,19.0,Not Disclosed,False,Bangalore,City,True
470,Data Analyst - BFSI/Healthcare (2-5 yrs),Crescendo Global Leadership Hiring India Private Limited,2.0,5.0,,,Gurgaon / Gurugram,30.0,iimjobs,4.2,119.0,Not Disclosed,False,Gurgaon,City,True
471,Financial Master Data  Analyst,DISCOVERY COMMUNICATIONS INDIA,2.0,7.0,,,Hyderabad / Secunderabad,25.0,Naukri,3.7,38.0,Not Disclosed,False,Hyderabad,City,True
472,Senior Data Analyst - DOMO Tool (6-8 yrs),Cortex Consulting Pvt. Ltd.,6.0,8.0,,,Chennai,27.0,hirist,3.1,16.0,Not Disclosed,False,Chennai,City,True
473,Thoucentric - Data Analyst - SQL (0-2 yrs),Thoucentric Technology Pvt. Ltd.,0.0,2.0,,,Bangalore / Bengaluru,60.0,hirist,3.8,89.0,Not Disclosed,False,Bangalore,City,True
474,Thoucentric -  Data Analyst (0-2 yrs),Thoucentric Technology Private Limited,0.0,2.0,,,Bangalore / Bengaluru,60.0,iimjobs,3.8,89.0,Not Disclosed,False,Bangalore,City,True
475,Data Analyst,Impressico Business Solutions Pvt. Ltd.,3.0,5.0,350000.0,500000.0,Noida,365.0,Naukri,4.5,161.0,Estimated by Ambition Box,True,Noida,City,True
476,Lead Data Analyst (3-6 yrs),Grizmo Labs,3.0,6.0,,,Gurgaon / Gurugram,26.0,hirist,3.9,23.0,Not Disclosed,False,Gurgaon,City,True
477,Senior Data Analyst,Capco Technologies Pvt Ltd,2.0,7.0,,,"Chennai, Pune, New Delhi
													+4 more",60.0,Naukri,3.7,424.0,Not Disclosed,False,Chennai,City,True
478,Data Analyst,Astaguru,4.0,8.0,,,Mumbai,23.0,Naukri,4.1,12.0,Not Disclosed,False,Mumbai,City,True
479,AI Data Analyst -Associate Tech Specialist,Essenware Private Limted,1.0,3.0,,,"Chennai, Pune, New Delhi
													+4 more",16.0,Naukri,4.7,4.0,Not Disclosed,False,Chennai,City,True
480,Data Analyst - Investment Bank (1-3 yrs),Upgrad Rekrut,1.0,3.0,,,Mumbai,21.0,iimjobs,3.5,44.0,Not Disclosed,False,Mumbai,City,True
481,Data Analyst,Indium Software (India) Limited,4.0,9.0,,,Chennai,150.0,Naukri,4.1,698.0,Not Disclosed,False,Chennai,City,True
482,Data Analyst - Tableau,Indium Software (India) Limited,4.0,9.0,,,Chennai,180.0,Naukri,4.1,698.0,Not Disclosed,False,Chennai,City,True
483,Data Analyst,Indium Software (India) Limited,2.0,4.0,600000.0,1220000.0,Hyderabad / Secunderabad,240.0,Naukri,4.1,698.0,Estimated by Ambition Box,True,Hyderabad,City,True
484,Indium Software - Manager - Data Analytics (6-10 yrs),Indium Software,6.0,10.0,,,Bangalore / Bengaluru,120.0,hirist,4.1,698.0,Not Disclosed,False,Bangalore,City,True
485,Indium Software - Data Analyst - SQL/SAS/Python (3-7 yrs),Indium Software,3.0,7.0,,,Bangalore / Bengaluru,120.0,hirist,4.1,698.0,Not Disclosed,False,Bangalore,City,True
486,Data Analyst,Indium Software (India) Limited,4.0,9.0,,,Chennai,180.0,Naukri,4.1,698.0,Not Disclosed,False,Chennai,City,True
487,Data Analyst,Indium Software (India) Limited,5.0,10.0,,,Hyderabad / Secunderabad,240.0,Naukri,4.1,698.0,Not Disclosed,False,Hyderabad,City,True
488,Data Analyst,Indium Software (India) Limited,2.0,4.0,600000.0,1220000.0,Hyderabad / Secunderabad,240.0,Naukri,4.1,698.0,Estimated by Ambition Box,True,Hyderabad,City,True
489,Data Analyst,Indium Software (India) Limited,4.0,9.0,,,Bangalore / Bengaluru,240.0,Naukri,4.1,698.0,Not Disclosed,False,Bangalore,City,True
490,Data Analyst - R/Python (2-8 yrs),SolarSquare Energy,2.0,8.0,,,Mumbai,17.0,hirist,3.2,81.0,Not Disclosed,False,Mumbai,City,True
491,C2FO - Data Analyst (0-4 yrs),C2FO,0.0,4.0,,,Noida,26.0,hirist,3.6,53.0,Not Disclosed,False,Noida,City,True
492,Data Analyst (US Real Estate Data Experience),Batchservice,3.0,6.0,,,Bangalore / Bengaluru,23.0,Naukri,3.2,9.0,Not Disclosed,False,Bangalore,City,True
493,Data Analyst - Bank (3-5 yrs),Dimensions HRD Consultants,3.0,5.0,,,Delhi ncr,10.0,iimjobs,3.4,20.0,Not Disclosed,False,Delhi,City,True
494,Data Analyst - Data Visualization (3-8 yrs),HuQuo Consulting Pvt. Ltd.,3.0,8.0,,,Gurgaon / Gurugram,16.0,hirist,3.8,14.0,Not Disclosed,False,Gurgaon,City,True
495,Data Analyst - Technology Consulting,Tiger Analytics,5.0,8.0,,,"Chennai, Bangalore / Bengaluru, Hyderabad / Secunderabad",60.0,Naukri,3.5,504.0,Not Disclosed,False,Chennai,City,True
496,Course5 Intelligence - Data Engineer - Python/PySpark (5-10 yrs),Course 5 Intelligence,5.0,10.0,,,Bangalore / Bengaluru,60.0,hirist,4.1,332.0,Not Disclosed,False,Bangalore,City,True
497,Data Analyst -  Financial Business (5-10 yrs),RightMatch,5.0,10.0,,,Mumbai,30.0,iimjobs,4.2,7.0,Not Disclosed,False,Mumbai,City,True
498,Data Analyst - SQL/SSIS (5-20 yrs),Aricent,5.0,20.0,,,"Bangalore / Bengaluru, Karnataka, Mysuru / Mysore",30.0,hirist,3.6,2000.0,Not Disclosed,False,Bangalore,City,True
499,Data Analyst,Tibil Solutions,2.0,3.0,400000.0,640000.0,Bangalore / Bengaluru,30.0,Naukri,3.6,29.0,Estimated by Ambition Box,True,Bangalore,City,True
500,Data Analyst (MDM/Data Warehousing) || Work FROM Home,Thoughtstorm Technologies,6.0,11.0,,,Faridabad,16.0,Naukri,5.0,3.0,Not Disclosed,False,Faridabad,City,True
501,Data Analyst II,Chubb,3.0,5.0,,,Bangalore / Bengaluru,90.0,Naukri,3.8,128.0,Not Disclosed,False,Bangalore,City,True
502,Sr. Data Modeler / Data Analyst,Photon Infotech P Ltd,5.0,10.0,,,Chennai,180.0,Naukri,4.0,1400.0,Not Disclosed,False,Chennai,City,True
503,Data Engineer,Photon Infotech P Ltd,2.0,5.0,,,"Chennai, Pune, New Delhi
													+4 more",210.0,Naukri,4.0,1400.0,Not Disclosed,False,Chennai,City,True
504,Data Analyst - Products,India Medtronic Pvt. Ltd,3.0,5.0,,,Hyderabad / Secunderabad,240.0,Naukri,4.1,466.0,Not Disclosed,False,Hyderabad,City,True
505,Data Analyst,Physics Wallah,3.0,6.0,,,Noida,365.0,Naukri,3.8,1200.0,Not Disclosed,False,Noida,City,True
506,Marketing Data Analyst II,Course Hero,3.0,4.0,,,"Chennai, Pune, New Delhi
													+4 more",30.0,Naukri,3.6,62.0,Not Disclosed,False,Chennai,City,True
507,Data Analyst - SAS/SQL (6-15 yrs),T D Newton,6.0,15.0,,,"Bangalore / Bengaluru, Chennai",5.0,hirist,2.7,33.0,Not Disclosed,False,Bangalore,City,True
508,Data Analyst - Power BI (10-15 yrs),Talpro,10.0,15.0,,,"Mumbai, Kolkata",5.0,hirist,4.0,5.0,Not Disclosed,False,Mumbai,City,True
509,Lead Developer - Power BI (8-10 yrs),Cortex Consulting Pvt. Ltd.,8.0,10.0,,,Remote,30.0,hirist,3.1,16.0,Not Disclosed,False,Remote,Remote,True
510,Droom - Data Analyst (2-5 yrs),Droom Technology (P) Ltd,2.0,5.0,,,Gurgaon / Gurugram,60.0,iimjobs,3.5,153.0,Not Disclosed,False,Gurgaon,City,True
511,Technical Data Analyst,TraceLink Inc.,3.0,5.0,,,Pune,60.0,Naukri,3.8,32.0,Not Disclosed,False,Pune,City,True
512,UsefulBI Corporation - Senior Data Analyst - Tableau (4-6 yrs),USEFULBI CORPORATION,4.0,6.0,,,Bangalore / Bengaluru,60.0,hirist,4.3,20.0,Not Disclosed,False,Bangalore,City,True
513,Associate Merchandiser_ Furniture & Dec- Data Analyst,Williams-sonoma India Pvt. Ltd.,2.0,6.0,,,Gurgaon / Gurugram,30.0,Naukri,3.2,19.0,Not Disclosed,False,Gurgaon,City,True
514,Data Analyst,ANR Software Pvt. Ltd.,2.0,5.0,,,Noida,365.0,Naukri,4.3,191.0,Not Disclosed,False,Noida,City,True
515,SCM - Data Analyst,Banyan Nation,3.0,5.0,,,Hyderabad / Secunderabad,24.0,Naukri,3.8,23.0,Not Disclosed,False,Hyderabad,City,True
516,Business Data Analyst,IGW India Technologies,10.0,12.0,,,Pune,30.0,Naukri,3.8,42.0,Not Disclosed,False,Pune,City,True
517,Associate Merchandiser - Furniture & Dec - Data Analyst,"Williams-Sonoma, Inc.",2.0,6.0,,,Gurgaon / Gurugram,30.0,Naukri,3.2,19.0,Not Disclosed,False,Gurgaon,City,True
518,Data Analyst,Leuwint technologies,5.0,9.0,,,Riyadh,27.0,Naukri,3.5,6.0,Not Disclosed,False,Riyadh,International,True
519,Data Engineer/ Data Analyst,Chryselys,2.0,6.0,,,"Chennai, Hyderabad / Secunderabad",26.0,Naukri,3.8,21.0,Not Disclosed,False,Chennai,City,True
520,Data Analyst,Lepton Software Export & Research Pvt Ltd,8.0,12.0,,,Gurgaon / Gurugram,60.0,Naukri,3.9,92.0,Not Disclosed,False,Gurgaon,City,True
521,Data Analyst - SQL/Python (5-7 yrs),Talpro,5.0,7.0,,,Bangalore / Bengaluru,7.0,hirist,4.0,5.0,Not Disclosed,False,Bangalore,City,True
522,Data Analyst,TECHPLUS MEDIA PRIVATE LIMITED,2.0,3.0,,,New Delhi,6.0,Naukri,3.4,12.0,Not Disclosed,False,Delhi,City,True
523,Lead Data Analyst,Ecolab Digital Center,6.0,8.0,,,Bangalore / Bengaluru,60.0,Naukri,3.6,90.0,Not Disclosed,False,Bangalore,City,True
524,Data Analyst,Leuwint Technologies,5.0,10.0,,,Saudi arabia,29.0,Naukri,3.5,6.0,Not Disclosed,False,Saudi arabia,International,True
525,UAV Data Analyst,Prakhar Software Solutions,3.0,8.0,,,New Delhi,25.0,Naukri,3.3,54.0,Not Disclosed,False,Delhi,City,True
526,Data Analyst,Crown Clothing Pvt. Ltd.,2.0,6.0,300000.0,350000.0,"Thakurpukur Mahestola, Budge Budge, Kolkata",1.0,Naukri,3.3,9.0,Salary Listed by Company,True,Thakurpukur Mahestola,City,True
527,Data Analyst - Power BI,Creative Synergies Consulting India Pvt. Ltd.,5.0,10.0,,,Bangalore / Bengaluru,365.0,Naukri,4.1,371.0,Not Disclosed,False,Bangalore,City,True
528,Master Data Analyst,Oriflame Cosmetics Ltd,3.0,5.0,,,New Delhi,365.0,Naukri,3.8,233.0,Not Disclosed,False,Delhi,City,True
529,BUSINESS DATA ANALYST,Rebel Bots,3.0,5.0,,,Remote,365.0,Naukri,4.0,158.0,Not Disclosed,False,Remote,Remote,True
530,Data Analyst,Contus,5.0,10.0,,,Chennai,1095.0,Naukri,4.3,90.0,Not Disclosed,False,Chennai,City,True
531,Data Analyst - Python/SQL/a/b Testing (3-9 yrs),HuQuo Consulting Pvt. Ltd.,3.0,9.0,,,Gurgaon / Gurugram,23.0,iimjobs,3.8,14.0,Not Disclosed,False,Gurgaon,City,True
532,Priority Technology Holdings - Data Analyst - Business Intelligence (2-5 yrs),Priority Technology Holdings,2.0,5.0,,,Chandigarh,19.0,hirist,3.1,46.0,Not Disclosed,False,Chandigarh,City,True
533,Data Analyst (Power BI Developer),Mobio Solutions,2.0,5.0,,,Ahmedabad,30.0,Naukri,5.0,5.0,Not Disclosed,False,Ahmedabad,City,True
534,Data Analyst,Capco Technologies Pvt Ltd,7.0,8.0,,,"Chennai, Pune, Mumbai
													+3 more",120.0,Naukri,3.7,424.0,Not Disclosed,False,Chennai,City,True
535,Assistant Manager MIS,IndiaMART InterMESH Ltd,0.0,3.0,,,Noida,210.0,Naukri,3.6,4000.0,Not Disclosed,False,Noida,City,True
536,Data Analyst,Capco Technologies Pvt Ltd,3.0,6.0,680000.0,850000.0,Bangalore / Bengaluru,365.0,Naukri,3.7,424.0,Estimated by Ambition Box,True,Bangalore,City,True
537,Business / Data Analyst,REVENTICS,2.0,3.0,,,Hyderabad / Secunderabad,1095.0,Naukri,4.2,138.0,Not Disclosed,False,Hyderabad,City,True
538,Data Analyst,Capco Technologies Pvt Ltd,3.0,6.0,680000.0,1000000.0,Bangalore / Bengaluru,1095.0,Naukri,3.7,424.0,Estimated by Ambition Box,True,Bangalore,City,True
539,Agrim Wholesale - Business Analyst (1-3 yrs),Agrim,1.0,3.0,,,Gurgaon / Gurugram,60.0,hirist,3.5,95.0,Not Disclosed,False,Gurgaon,City,True
540,Data Analyst,Gupta And Sharma,0.0,2.0,300000.0,400000.0,Bangalore / Bengaluru,8.0,Naukri,3.7,6.0,Salary Listed by Company,True,Bangalore,City,True
541,Lead Hybrid BI Engineer - Power BI/Azure (6-9 yrs),Infiniti Research,6.0,9.0,,,Bangalore / Bengaluru,60.0,hirist,4.0,379.0,Not Disclosed,False,Bangalore,City,True
542,Data Analyst,Paramount Health Services(TPA) Pvt. Ltd.,4.0,5.0,,,Thane,270.0,Naukri,3.9,369.0,Not Disclosed,False,Thane,City,True
543,Data Analyst,Paramount,1.0,4.0,,,Thane,365.0,Naukri,3.9,369.0,Not Disclosed,False,Thane,City,True
544,Data Analyst - SQL/Python (5-6 yrs),Mobile Programming LLC,5.0,6.0,,,Gurgaon / Gurugram,30.0,hirist,2.9,333.0,Not Disclosed,False,Gurgaon,City,True
545,Techmagnate - Data Analyst (3-8 yrs),Techmagnate,3.0,8.0,,,Delhi ncr,60.0,iimjobs,3.9,120.0,Not Disclosed,False,Delhi,City,True
546,Data Analyst,Addverb Technologies,1.0,3.0,,,Noida,365.0,Naukri,4.0,344.0,Not Disclosed,False,Noida,City,True
547,Data Analyst,Intelligaia Technologies Pvt. Ltd.,3.0,4.0,,,Panchkula,365.0,Naukri,4.8,12.0,Not Disclosed,False,Panchkula,City,True
548,Data Analyst,AXIS MY INDIA Ltd.,1.0,4.0,300000.0,450000.0,Mumbai,365.0,Naukri,4.0,244.0,Estimated by Ambition Box,True,Mumbai,City,True
549,SuperBottoms - Data Analyst - D2C/eCommerce Domain (2-7 yrs),SuperBottoms,2.0,7.0,,,"Mumbai, Navi Mumbai, Thane",30.0,iimjobs,4.0,56.0,Not Disclosed,False,Mumbai,City,True
550,WovV Technologies - Data Analyst - SQL/Python (7-9 yrs),Wovv Technology,7.0,9.0,,,Mumbai,60.0,hirist,4.6,143.0,Not Disclosed,False,Mumbai,City,True
551,Manager / AVP Data Analyst (FATCA),The Edge Partnership,7.0,9.0,,,Bangalore / Bengaluru,16.0,Naukri,3.6,9.0,Not Disclosed,False,Bangalore,City,True
552,SalaryBox - Senior Data Analyst - Python/SQL (2-4 yrs),SalaryBox,2.0,4.0,,,Gurgaon / Gurugram,24.0,hirist,3.1,67.0,Not Disclosed,False,Gurgaon,City,True
553,Roundglass - Business Intelligence Engineer - Data Analytics (2-4 yrs),ROUNDGLASS WELLBEING PRIVATE LIMITED,2.0,4.0,,,Mohali,30.0,hirist,3.3,49.0,Not Disclosed,False,Mohali,City,True
554,Eucloid -  Data Analyst (1-5 yrs),Eucloid Data Solutions Pvt Ltd,1.0,5.0,,,Gurgaon / Gurugram,30.0,iimjobs,4.8,7.0,Not Disclosed,False,Gurgaon,City,True
555,Senior Data Analyst,Ipsos Research Private Ltd.,3.0,5.0,,,Bangalore / Bengaluru,150.0,Naukri,3.4,232.0,Not Disclosed,False,Bangalore,City,True
556,Data Analyst,Ipsos Research Private Ltd.,2.0,4.0,,,Bangalore / Bengaluru,150.0,Naukri,3.4,232.0,Not Disclosed,False,Bangalore,City,True
557,Lead Data Analyst,Ipsos Research Private Ltd.,3.0,6.0,,,Bangalore / Bengaluru,150.0,Naukri,3.4,232.0,Not Disclosed,False,Bangalore,City,True
558,Lead Data Analyst,Vistaprint India Marketing Solutions Pvt Ltd,5.0,10.0,,,Bangalore / Bengaluru,90.0,Naukri,3.8,92.0,Not Disclosed,False,Bangalore,City,True
559,Senior Data Analyst,CarDekho,2.0,4.0,,,Gurgaon / Gurugram,730.0,Naukri,3.7,797.0,Not Disclosed,False,Gurgaon,City,True
560,Senior Data Analyst,PT Tokopedia (tokopedia.com),3.0,4.0,,,Bangalore / Bengaluru,120.0,Naukri,4.0,72.0,Not Disclosed,False,Bangalore,City,True
561,Staff Business Data Analyst - SQL/Tableau (9-13 yrs),Intuit,9.0,13.0,,,Bangalore / Bengaluru,60.0,hirist,3.6,140.0,Not Disclosed,False,Bangalore,City,True
562,Urgent- Supply Chain - Logistics / Data Analyst,Pittie Group,1.0,3.0,50000.0,275000.0,Navi Mumbai,23.0,Naukri,2.3,27.0,Salary Listed by Company,True,Mumbai,City,True
563,Sales Operations Associate/Sales Operations Analyst,Boyd Thermal Systems,5.0,10.0,,,Chennai,20.0,Naukri,4.0,6.0,Not Disclosed,False,Chennai,City,True
564,Data Analyst,Fictiv,2.0,5.0,,,Pune,23.0,Naukri,3.5,3.0,Not Disclosed,False,Pune,City,True
565,Business Data Analyst - Delhi,Indo German International,2.0,5.0,800000.0,1000000.0,New Delhi,26.0,Naukri,4.2,6.0,Salary Listed by Company,True,Delhi,City,True
566,Systems Data Analyst,Intone Networks,1.0,4.0,,,Remote,60.0,Naukri,4.3,31.0,Not Disclosed,False,Remote,Remote,True
567,People Data Analyst,Cornerstone India,3.0,8.0,,,Mumbai,30.0,Naukri,4.0,19.0,Not Disclosed,False,Mumbai,City,True
568,Data Analyst,kaleeswari refinery p ltd,0.0,3.0,,,"Trichy, Chennai, Madurai
													+3 more",120.0,Naukri,4.0,207.0,Not Disclosed,False,Trichy,City,True
569,Senior Data Analyst,GO-JEK ENGINEERING,3.0,5.0,,,Bangalore / Bengaluru,120.0,Naukri,3.7,105.0,Not Disclosed,False,Bangalore,City,True
570,ADM BI Data Analyst,Providence College of Engineering,2.0,6.0,,,Hyderabad / Secunderabad,12.0,Naukri,4.3,3.0,Not Disclosed,False,Hyderabad,City,True
571,Data Analyst - Quicksight (2-5 yrs),Growel Softech Pvt. Ltd.,2.0,5.0,,,Hyderabad / Secunderabad,30.0,hirist,2.9,104.0,Not Disclosed,False,Hyderabad,City,True
572,Data Analyst - Revenue Cycle Management & Electronic Health Record,Saisystems International,2.0,3.0,,,Pune,30.0,Naukri,3.1,19.0,Not Disclosed,False,Pune,City,True
573,Data Analyst - Power BI (1-5 yrs),OUTSIZED INDIA PRIVATE LIMITED,1.0,5.0,,,Mumbai,18.0,hirist,4.2,4.0,Not Disclosed,False,Mumbai,City,True
574,Junior Data Analyst (PGDM Finance Freshers),Institutional Shareholder Services Inc.,0.0,2.0,,,Mumbai,270.0,Naukri,3.8,84.0,Not Disclosed,False,Mumbai,City,True
575,Data Analyst,Rochem Separation Systems India Pvt Ltd,2.0,3.0,,,Banda,1460.0,Naukri,3.9,208.0,Not Disclosed,False,Banda,City,True
576,Data Analyst,Comscore Technologies,1.0,4.0,,,Pune,6.0,Naukri,4.6,2.0,Not Disclosed,False,Pune,City,True
577,Data Analyst - Insights,True Caller,1.0,3.0,,,Bangalore / Bengaluru,60.0,Naukri,4.0,19.0,Not Disclosed,False,Bangalore,City,True
578,Data Analyst - Global Consulting Firm - Contractual Role (1-5 yrs),Outsized India Private Limited,1.0,5.0,,,Mumbai,19.0,iimjobs,4.2,4.0,Not Disclosed,False,Mumbai,City,True
579,Data Analyst II,Postman,3.0,6.0,,,Bangalore / Bengaluru,60.0,Naukri,3.9,28.0,Not Disclosed,False,Bangalore,City,True
580,Assistant Manager Data Analyst,Lenskart.com,2.0,5.0,,,Gurgaon / Gurugram,150.0,Naukri,3.3,2500.0,Not Disclosed,False,Gurgaon,City,True
581,Assistant Manager || Data Analyst,Lenskart,2.0,5.0,,,Gurgaon / Gurugram,150.0,Naukri,3.3,2500.0,Not Disclosed,False,Gurgaon,City,True
582,Data Analyst - B2C,DAZN Group,3.0,6.0,,,Hyderabad / Secunderabad,90.0,Naukri,4.5,11.0,Not Disclosed,False,Hyderabad,City,True
583,"Python,Java, NoSQL,Data analyst",Tessolve Semiconductor Pvt. Ltd.,3.0,4.0,,,Bangalore / Bengaluru,90.0,Naukri,3.7,260.0,Not Disclosed,False,Bangalore,City,True
584,Streaming Data Analyst,DAZN Group,2.0,6.0,,,Hyderabad / Secunderabad,150.0,Naukri,4.5,11.0,Not Disclosed,False,Hyderabad,City,True
585,Senior Data Analyst - Customer Services,DAZN Group,4.0,7.0,,,Hyderabad / Secunderabad,150.0,Naukri,4.5,11.0,Not Disclosed,False,Hyderabad,City,True
586,Senior Data Analyst,ION,2.0,5.0,,,Noida,30.0,Naukri,3.6,132.0,Not Disclosed,False,Noida,City,True
587,Data Analyst,Technedge Solutions India,3.0,6.0,,,Gurgaon / Gurugram,18.0,Naukri,5.0,2.0,Not Disclosed,False,Gurgaon,City,True
588,Data Analyst Intern (Funding Pattern Analysis),Indian Institute for Human Settlements(IIHS),1.0,2.0,,,Bangalore / Bengaluru,90.0,Naukri,4.2,29.0,Not Disclosed,False,Bangalore,City,True
589,Data Analyst (Excel/MIS specialist),KIRTANE PANDIT LLP - CHARTERED ACCOUNTANTS,4.0,8.0,,,Mumbai,120.0,Naukri,3.9,93.0,Not Disclosed,False,Mumbai,City,True
590,Data Analyst,NITYO INFOTECH,3.0,12.0,,,Chennai,210.0,Naukri,3.1,648.0,Not Disclosed,False,Chennai,City,True
591,PharmaScroll - Data Analyst - SQL/Excel/Power BI (4-6 yrs),Pharmascroll,4.0,6.0,,,Hyderabad / Secunderabad,23.0,hirist,3.8,7.0,Not Disclosed,False,Hyderabad,City,True
592,Data Analyst - SQL/Python (7-11 yrs),WEN,7.0,11.0,,,Bangalore / Bengaluru,16.0,hirist,4.8,2.0,Not Disclosed,False,Bangalore,City,True
593,DATA ANALYST,treebohotels,1.0,5.0,,,Bangalore / Bengaluru,60.0,Naukri,3.4,239.0,Not Disclosed,False,Bangalore,City,True
594,Senior Data Analyst,CVM Solutions,7.0,10.0,,,Hyderabad / Secunderabad,120.0,Naukri,4.7,9.0,Not Disclosed,False,Hyderabad,City,True
595,Senior Data Analyst,supplier.io,7.0,10.0,,,Hyderabad / Secunderabad,120.0,Naukri,4.7,9.0,Not Disclosed,False,Hyderabad,City,True
596,Power BI Developer,Speridian Technologies Pvt Ltd,4.0,9.0,,,"Thiruvananthapuram, Mumbai, Cochin/Ernakulam/Kochi
													+1 more",240.0,Naukri,3.5,251.0,Not Disclosed,False,Thiruvananthapuram,City,True
597,Data Analyst,CVM Solutions,1.0,2.0,,,Hyderabad / Secunderabad,365.0,Naukri,4.7,9.0,Not Disclosed,False,Hyderabad,City,True
598,Data Analyst,supplier.io,3.0,5.0,555000.0,600000.0,Hyderabad / Secunderabad,365.0,Naukri,4.7,9.0,Estimated by Ambition Box,True,Hyderabad,City,True
599,Data Analyst,supplier.io,2.0,5.0,,,Hyderabad / Secunderabad,365.0,Naukri,4.7,9.0,Not Disclosed,False,Hyderabad,City,True
600,Data Support Analyst,CVM Solutions,3.0,5.0,,,Hyderabad / Secunderabad,365.0,Naukri,4.7,9.0,Not Disclosed,False,Hyderabad,City,True
601,Data Analyst,CVM Solutions,2.0,4.0,,,Hyderabad / Secunderabad,365.0,Naukri,4.7,9.0,Not Disclosed,False,Hyderabad,City,True
602,Process Developer Data Analyst,Marktine,1.0,3.0,,,Remote,730.0,Naukri,4.7,62.0,Not Disclosed,False,Remote,Remote,True
603,Data Analyst(Tableau Developer),Marktine,3.0,8.0,,,Remote,730.0,Naukri,4.7,62.0,Not Disclosed,False,Remote,Remote,True
604,Screen-Magic - Data Analyst - Founder's Office (4-10 yrs),Screen-Magic Mobile Media Private Limited,4.0,10.0,,,Pune,30.0,iimjobs,3.8,26.0,Not Disclosed,False,Pune,City,True
605,Aryng - Senior Data Analyst - Visualization Tools (4-8 yrs),Aryng LLC,4.0,8.0,,,Mumbai,20.0,hirist,4.4,3.0,Not Disclosed,False,Mumbai,City,True
606,Medical Data Analyst Level I,ZignaAI,1.0,4.0,,,Hyderabad / Secunderabad,30.0,Naukri,4.8,4.0,Not Disclosed,False,Hyderabad,City,True
607,Operations Head,Genique Management,2.0,7.0,,,"Karnataka, Andhra Pradesh, Maharastra
													+2 more",30.0,Naukri,3.9,11.0,Not Disclosed,False,Karnataka,State (not city),True
608,Business and Data Analyst,Accura Weldrods Kovai Pvt Ltd,1.0,3.0,300000.0,700000.0,Coimbatore,1.0,Naukri,3.3,4.0,Salary Listed by Company,True,Coimbatore,City,True
609,"Product Data Analyst(ACES, PIES)",Fenyes Engineered Technology Pvt Ltd,4.0,6.0,,,Bangalore / Bengaluru,4.0,Naukri,3.7,3.0,Not Disclosed,False,Bangalore,City,True
610,Sr. Data Analyst,PureSpectrum,3.0,6.0,,,Hyderabad / Secunderabad,6.0,Naukri,3.3,5.0,Not Disclosed,False,Hyderabad,City,True
611,Data Analyst,Kazam,1.0,3.0,,,Bangalore / Bengaluru,24.0,Naukri,3.3,15.0,Not Disclosed,False,Bangalore,City,True
612,Business Data Analyst,Netxcell Ltd,3.0,8.0,,,Vijayawada,365.0,Naukri,3.6,90.0,Not Disclosed,False,Vijayawada,City,True
613,Data Analyst,Reubro International,4.0,6.0,,,Cochin/Ernakulam/Kochi,2555.0,Naukri,5.0,6.0,Not Disclosed,False,Kochi,City,True
614,Business Data Analyst,Netxcell Ltd,3.0,8.0,,,Vijayawada,365.0,Naukri,3.6,90.0,Not Disclosed,False,Vijayawada,City,True
615,Data Analyst,Reubro International,4.0,6.0,,,Cochin/Ernakulam/Kochi,2920.0,Naukri,5.0,6.0,Not Disclosed,False,Kochi,City,True
616,Data Analyst,Reubro International,4.0,6.0,,,"Cochin/Ernakulam/Kochi, Kochi",2920.0,Naukri,5.0,6.0,Not Disclosed,False,Kochi,City,True
617,Data Analyst -M&T,Accolite Software India Pvt Ltd,5.0,7.0,,,Bangalore / Bengaluru,365.0,Naukri,3.4,593.0,Not Disclosed,False,Bangalore,City,True
618,Data Analyst,Diya Systems (Mangalore) Pvt. Ltd.,4.0,9.0,,,Mangaluru,1095.0,Naukri,3.5,289.0,Not Disclosed,False,Mangaluru,City,True
619,HealthPlix - Data Analyst - Tableau/Power BI (1-5 yrs),HealthPlix Technologies Pvt Ltd,1.0,5.0,,,Bangalore / Bengaluru,60.0,hirist,3.3,127.0,Not Disclosed,False,Bangalore,City,True
620,PharmaScroll - Data Analyst (8-10 yrs),Pharmascroll,8.0,10.0,,,Bangalore / Bengaluru,26.0,hirist,3.8,7.0,Not Disclosed,False,Bangalore,City,True
621,TransOrg Analytics - Data Scientist - R/Python/SQL (3-6 yrs),TransOrg Analytics,3.0,6.0,,,"Delhi ncr, Mumbai, Bangalore / Bengaluru
													+1 more",19.0,hirist,2.8,28.0,Not Disclosed,False,Delhi,City,True
622,Data Analyst Intern,Idatalytics,0.0,1.0,,,Cochin/Ernakulam/Kochi,30.0,Naukri,3.7,8.0,Not Disclosed,False,Kochi,City,True
623,Global Marketing Data Analyst (3-5 yrs),e-Hireo global solutions,3.0,5.0,,,Bangalore / Bengaluru,12.0,iimjobs,3.2,8.0,Not Disclosed,False,Bangalore,City,True
624,Lead Data Analyst - Economics,The Economist Newspaper Limited,3.0,7.0,,,Gurgaon / Gurugram,30.0,Naukri,4.0,15.0,Not Disclosed,False,Gurgaon,City,True
625,Data Analyst,PradeepIT,5.0,7.0,,,Bangalore / Bengaluru,90.0,Naukri,4.8,49.0,Not Disclosed,False,Bangalore,City,True
626,Data Analyst,PradeepIT,1.0,3.0,,,Bangalore / Bengaluru,90.0,Naukri,4.8,49.0,Not Disclosed,False,Bangalore,City,True
627,Data Analyst,PradeepIT,5.0,7.0,,,Bangalore / Bengaluru,90.0,Naukri,4.8,49.0,Not Disclosed,False,Bangalore,City,True
628,Data Analyst,PradeepIT,1.0,3.0,,,Bangalore / Bengaluru,90.0,Naukri,4.8,49.0,Not Disclosed,False,Bangalore,City,True
629,Data Analyst,Apollo Tele health Services,3.0,8.0,,,Hyderabad / Secunderabad,90.0,Naukri,3.8,110.0,Not Disclosed,False,Hyderabad,City,True
630,Network Engineer,Digital Vidya,4.0,7.0,,,Gurgaon / Gurugram,365.0,Naukri,4.2,20.0,Not Disclosed,False,Gurgaon,City,True
631,Data Analyst,Incanus Technologies,1.0,6.0,500000.0,1500000.0,"Pune, Delhi/Ncr, Bangalore / Bengaluru",27.0,Naukri,3.8,7.0,Salary Listed by Company,True,Pune,City,True
632,Nivoda - Marketing & Sales Data Analyst (6-9 yrs),Nivoda,6.0,9.0,,,Mumbai,30.0,iimjobs,3.9,16.0,Not Disclosed,False,Mumbai,City,True
633,Data Analyst,Northstar Pathology Lab,1.0,6.0,,,Ahmedabad,9.0,Naukri,3.5,4.0,Not Disclosed,False,Ahmedabad,City,True
634,MIS Manager ( Senior Data Analyst ),Quantum Asset Management Company Private Limited,7.0,9.0,,,Mumbai,120.0,Naukri,3.9,30.0,Not Disclosed,False,Mumbai,City,True
635,Data Analyst,Albea,5.0,7.0,,,Panaji/Panjim,120.0,Naukri,3.7,19.0,Not Disclosed,False,Panaji,City,True
636,Data Analyst - SAS/Python (4-9 yrs),HuQuo Consulting Pvt. Ltd.,4.0,9.0,,,"Delhi ncr, Gurgaon / Gurugram",30.0,hirist,3.8,14.0,Not Disclosed,False,Delhi,City,True
637,Microstrategy Developer - Reporting Analytics & Dashboards (4-7 yrs),genxhire,4.0,7.0,,,Pune,30.0,hirist,3.5,51.0,Not Disclosed,False,Pune,City,True
638,Associate Data Analyst,SKIDOS,1.0,2.0,,,New Delhi,30.0,Naukri,3.9,14.0,Not Disclosed,False,Delhi,City,True
639,Data Analyst,VGMinds TechStudios Pvt Ltd,1.0,4.0,,,Bangalore / Bengaluru,25.0,Naukri,5.0,2.0,Not Disclosed,False,Bangalore,City,True
640,Data Analyst (2-15 yrs),Symbiosis Management Consultants Pvt Ltd,2.0,15.0,,,Mumbai,30.0,iimjobs,4.8,5.0,Not Disclosed,False,Mumbai,City,True
641,Senior Data Analyst,VIACOM 18 MEDIA PRIVATE LIMITED,4.0,7.0,,,"Mumbai, Bangalore / Bengaluru",120.0,Naukri,3.7,74.0,Not Disclosed,False,Mumbai,City,True
642,Data Analyst II,VIACOM 18 MEDIA PRIVATE LIMITED,2.0,4.0,,,"Mumbai, Bangalore / Bengaluru",120.0,Naukri,3.7,74.0,Not Disclosed,False,Mumbai,City,True
643,Staff Data Analyst - JioCinema,VIACOM 18 MEDIA PRIVATE LIMITED,7.0,10.0,,,"Mumbai, Bangalore / Bengaluru",120.0,Naukri,3.7,74.0,Not Disclosed,False,Mumbai,City,True
644,Data Analyst- ML/Data Science,Intello Labs,2.0,4.0,800000.0,1600000.0,Gurgaon/Gurugram,1460.0,bigshyft,3.7,91.0,Salary Listed by Company,True,Gurgaon,City,True
645,SAP Cloud Business Analyst / Tester / Data Analyst,Fort Technologies,2.0,5.0,,,"Chennai, Pune, New Delhi
													+4 more",5.0,Naukri,3.5,3.0,Not Disclosed,False,Chennai,City,True
646,Junior Data Analyst,LumenData Solutions India Pvt Ltd,1.0,3.0,,,Bangalore / Bengaluru,30.0,Naukri,3.8,12.0,Not Disclosed,False,Bangalore,City,True
647,Tableau Developer - Reporting Analytics (5-8 yrs),TIGI HR Solution Pvt. Ltd.,5.0,8.0,,,Bangalore / Bengaluru,60.0,hirist,4.1,18.0,Not Disclosed,False,Bangalore,City,True
648,SQL Developer / Data Analyst - Fresher,Breakwalls Technologies,0.0,3.0,,,Bangalore / Bengaluru,4.0,Naukri,3.8,2.0,Not Disclosed,False,Bangalore,City,True
649,Data Analyst,Circle K Stores Inc,2.0,5.0,,,Gurgaon / Gurugram,30.0,Naukri,4.0,22.0,Not Disclosed,False,Gurgaon,City,True
650,Data Analyst,TechUp Labs,1.0,4.0,,,Remote,30.0,Naukri,4.0,12.0,Not Disclosed,False,Remote,Remote,True
651,Data Analyst,Capillary Technologies India Pvt. Ltd.,2.0,5.0,,,Bangalore / Bengaluru,90.0,Naukri,3.5,173.0,Not Disclosed,False,Bangalore,City,True
652,Associate Data Analyst,"comScore, Inc.",2.0,7.0,,,Pune,120.0,Naukri,3.7,34.0,Not Disclosed,False,Pune,City,True
653,Data Analyst,Simplilearn Solutions,1.0,3.0,420000.0,1000000.0,Bangalore / Bengaluru,120.0,Naukri,3.2,612.0,Estimated by Ambition Box,True,Bangalore,City,True
654,Senior Data Analyst,Simplilearn Solutions,2.0,4.0,,,Bangalore / Bengaluru,120.0,Naukri,3.2,612.0,Not Disclosed,False,Bangalore,City,True
655,BI Developer,Lighthouse Info Systems Pvt. Ltd.,1.0,3.0,,,Nagpur,730.0,Naukri,3.8,55.0,Not Disclosed,False,Nagpur,City,True
656,Sr. Data Analyst,XenonStack Private Ltd,3.0,4.0,,,Mohali,300.0,Naukri,3.6,178.0,Not Disclosed,False,Mohali,City,True
657,Reference Data Analyst,ICE DATA SERVICES INDIA PRIVATE LIMITED,0.0,2.0,,,Hyderabad/Secunderabad,240.0,First Naukri,3.2,100.0,Not Disclosed,False,Hyderabad,City,True
658,Frontend Developer,Heart It Out,1.0,3.0,,,Remote,300.0,Naukri,4.6,66.0,Not Disclosed,False,Remote,Remote,True
659,Data Analyst,Fabzen Technologies Pvt. Ltd.,3.0,8.0,,,Pune,365.0,Naukri,4.6,69.0,Not Disclosed,False,Pune,City,True
660,Data Analyst,DecisionTree Analytics and Services Private Limited,1.0,3.0,,,Gurgaon / Gurugram,1460.0,Naukri,4.2,17.0,Not Disclosed,False,Gurgaon,City,True
661,Data Analyst,DecisionTree Analytics and Services Private Limited,1.0,3.0,,,Gurgaon / Gurugram,1460.0,Naukri,4.2,17.0,Not Disclosed,False,Gurgaon,City,True
662,Data Analyst,Heart It Out,1.0,3.0,,,Remote,300.0,Naukri,4.6,66.0,Not Disclosed,False,Remote,Remote,True
663,Human Resources Data Analyst II,Mold-Masters Limited,2.0,4.0,,,Coimbatore,60.0,Naukri,3.8,39.0,Not Disclosed,False,Coimbatore,City,True
664,Technical Consultant,Andor Tech (India) Pvt Ltd,5.0,10.0,,,Bangalore / Bengaluru,150.0,Naukri,3.8,44.0,Not Disclosed,False,Bangalore,City,True
665,Data Analyst,Andor Tech (India) Pvt Ltd,5.0,9.0,,,Bangalore / Bengaluru,270.0,Naukri,3.8,44.0,Not Disclosed,False,Bangalore,City,True
666,Business Analyst - Entry-Ops,Andor Tech (India) Pvt Ltd,4.0,8.0,,,Bangalore / Bengaluru,270.0,Naukri,3.8,44.0,Not Disclosed,False,Bangalore,City,True
667,Data Analyst,SourceFuse Technologies (India) Pvt Ltd.,6.0,11.0,,,Remote,120.0,Naukri,3.6,92.0,Not Disclosed,False,Remote,Remote,True
668,Senior Data Analyst,Robosoft Technologies Pvt. Ltd,3.0,6.0,,,"Mumbai, Udupi, Bangalore / Bengaluru",150.0,Naukri,3.4,246.0,Not Disclosed,False,Mumbai,City,True
669,Data Analyst,Mobikwik,3.0,5.0,300000.0,800000.0,Gurgaon/Gurugram,1095.0,bigshyft,3.4,255.0,Estimated by Ambition Box,True,Gurgaon,City,True
670,Senior Data Analyst - Boutique Strategy Research Firm (2-4 yrs),Unnati,2.0,4.0,,,New Delhi,60.0,iimjobs,4.1,74.0,Not Disclosed,False,Delhi,City,True
671,Data Analyst - Hadoop/Big Data Platform (9-12 yrs),TD NEWTON,9.0,12.0,,,Mumbai,30.0,hirist,2.7,33.0,Not Disclosed,False,Mumbai,City,True
672,Network Engineer,Essenware Private Limted,2.0,4.0,,,"Chennai, Pune, New Delhi
													+4 more",30.0,Naukri,4.7,4.0,Not Disclosed,False,Chennai,City,True
673,Data Analyst,Kishore Tech Solutions Overseas Pvt Ltd,1.0,4.0,,,Bangalore / Bengaluru,60.0,Naukri,5.0,6.0,Not Disclosed,False,Bangalore,City,True
674,Data Analyst - Web Analytics (4-7 yrs),Hitya Global,4.0,7.0,,,Navi Mumbai,7.0,hirist,5.0,1.0,Not Disclosed,False,Mumbai,City,True
675,Data Analyst - IT (4-10 yrs),Resource Tree Global Services,4.0,10.0,,,"Mumbai, Bangalore / Bengaluru, Hyderabad / Secunderabad
													+3 more",7.0,iimjobs,5.0,1.0,Not Disclosed,False,Mumbai,City,True
676,Power BI Lead - Data Analytics (7-9 yrs),Nice Software Solutions Pvt. Ltd,7.0,9.0,,,Bangalore / Bengaluru,60.0,hirist,3.5,59.0,Not Disclosed,False,Bangalore,City,True
677,Data Analyst,Genxlead Solutions Pvt Ltd,1.0,4.0,,,Chennai,120.0,Naukri,3.9,32.0,Not Disclosed,False,Chennai,City,True
678,DecisionTree - Power BI Developer - ETL Tools (5-8 yrs),Decision Tree Analytics,5.0,8.0,,,Gurgaon / Gurugram,30.0,hirist,4.4,7.0,Not Disclosed,False,Gurgaon,City,True
679,Machine Learning Data Analyst,Adventure India Journey Private Ltd.,5.0,10.0,,,New Delhi,20.0,Naukri,4.5,2.0,Not Disclosed,False,Delhi,City,True
680,Data Analyst,Aryng,1.0,3.0,,,Gurgaon / Gurugram,30.0,Naukri,4.4,3.0,Not Disclosed,False,Gurgaon,City,True
681,Data Analyst,Aryng,1.0,3.0,,,Chennai,30.0,Naukri,4.4,3.0,Not Disclosed,False,Chennai,City,True
682,Data Analyst,Aryng,4.0,7.0,,,New Delhi,30.0,Naukri,4.4,3.0,Not Disclosed,False,Delhi,City,True
683,AM/Manager- Financial Data Analyst,DMI FINANCE PRIVATE LIMITED,3.0,4.0,600000.0,605000.0,New Delhi,120.0,Naukri,3.6,71.0,Estimated by Ambition Box,True,Delhi,City,True
684,Engineer - Data Analyst,BUSINESSNEXT,1.0,3.0,,,Mumbai,150.0,Naukri,3.3,346.0,Not Disclosed,False,Mumbai,City,True
685,Data Analyst,Lobotus Technology Private Limited,3.0,5.0,,,Bangalore / Bengaluru,2190.0,Naukri,4.0,17.0,Not Disclosed,False,Bangalore,City,True
686,Associate - Web Developer and Data Analyst,iForest,5.0,8.0,,,Noida,9.0,Naukri,3.2,4.0,Not Disclosed,False,Noida,City,True
687,Data Analyst - SQL/Python (4-20 yrs),td newton and associates,4.0,20.0,,,Pune,30.0,hirist,2.7,33.0,Not Disclosed,False,Pune,City,True
688,Data Analyst - SQL/Tableau (3-5 yrs),Cortex Consulting Pvt. Ltd.,3.0,5.0,,,Bangalore / Bengaluru,60.0,hirist,3.1,16.0,Not Disclosed,False,Bangalore,City,True
689,Data Analyst,Aryng,1.0,3.0,,,Bangalore / Bengaluru,30.0,Naukri,4.4,3.0,Not Disclosed,False,Bangalore,City,True
690,Data Analyst,Aryng,4.0,9.0,,,Mumbai,30.0,Naukri,4.4,3.0,Not Disclosed,False,Mumbai,City,True
691,Data Analyst,Aryng,1.0,3.0,,,Hyderabad / Secunderabad,30.0,Naukri,4.4,3.0,Not Disclosed,False,Hyderabad,City,True
692,Data Analyst,"Cloudflare, Inc.",5.0,9.0,,,Remote,4.0,Naukri,,,Not Disclosed,False,Remote,Remote,False
693,Lead Consultant - Digital Transformation (15-20 yrs),Job Seeks 4U Consultancy Services,15.0,20.0,,,Bangalore / Bengaluru,21.0,hirist,3.4,5.0,Not Disclosed,False,Bangalore,City,True
694,LenDenClub - Team Lead - Analytics & Data Science (5-10 yrs),LenDenClub,5.0,10.0,,,Mumbai,60.0,hirist,3.2,69.0,Not Disclosed,False,Mumbai,City,True
695,Data Analyst,Comscore Technologies,2.0,4.0,,,Pune,24.0,Naukri,4.6,2.0,Not Disclosed,False,Pune,City,True
696,Commercial Analyst / Data Analyst,Printo Document Services Pvt. Ltd,1.0,4.0,,,"Chennai, Pune, New Delhi
													+4 more",240.0,Naukri,3.5,93.0,Not Disclosed,False,Chennai,City,True
697,Data Analyst - Imaginarium,Imaginarium India Pvt Ltd,2.0,5.0,600000.0,1000000.0,Mumbai,365.0,Naukri,3.7,34.0,Estimated by Ambition Box,True,Mumbai,City,True
698,Osfin.ai - Data Analyst (2-6 yrs),Osfin.ai,2.0,6.0,,,Bangalore / Bengaluru,30.0,iimjobs,3.8,5.0,Not Disclosed,False,Bangalore,City,True
699,Sr. Data Analyst,Jio Tesseract,4.0,6.0,,,"Navi Mumbai, Mumbai",5.0,Naukri,1.7,57.0,Not Disclosed,False,Mumbai,City,True
700,SpectraMedix - BI Analyst - Tableau (3-8 yrs),SpectraMedix India,3.0,8.0,,,Delhi ncr,90.0,hirist,3.8,23.0,Not Disclosed,False,Delhi,City,True
701,Data Analyst,Avaali Solutions Pvt Ltd,2.0,7.0,,,Bangalore / Bengaluru,210.0,Naukri,3.7,33.0,Not Disclosed,False,Bangalore,City,True
702,Site Data Analyst,Apraava Energy,4.0,7.0,,,"Vadodara, Ahmedabad, Rajkot
													+2 more",330.0,Naukri,4.5,41.0,Not Disclosed,False,Vadodara,City,True
703,Data Mapping,NISC Exports Services (p) Ltd,2.0,6.0,,,Hyderabad / Secunderabad,365.0,Naukri,3.5,62.0,Not Disclosed,False,Hyderabad,City,True
704,Business Data Analyst (6-8 yrs),Yo HR Consultancy,6.0,8.0,,,Bangalore / Bengaluru,13.0,hirist,5.0,1.0,Not Disclosed,False,Bangalore,City,True
705,"Data Analyst, II",Antuit Inc.,2.0,5.0,,,Bangalore / Bengaluru,30.0,Naukri,2.2,13.0,Not Disclosed,False,Bangalore,City,True
706,Employee Data Analyst,Tableau Software,4.0,6.0,,,Hyderabad / Secunderabad,9.0,Naukri,1.1,2.0,Not Disclosed,False,Hyderabad,City,True
707,Data Analyst,Globalme Localization,2.0,7.0,,,Remote,365.0,Naukri,3.7,26.0,Not Disclosed,False,Remote,Remote,True
708,Sr. Data Analyst,Weather Risk Management Services Ltd,1.0,4.0,,,Gurgaon / Gurugram,365.0,Naukri,3.4,75.0,Not Disclosed,False,Gurgaon,City,True
709,Senior Data Analyst,Jupiter,3.0,6.0,1100000.0,2250000.0,Bengaluru/Bangalore,19710.0,bigshyft,3.4,67.0,Salary Listed by Company,True,Bangalore,City,True
710,Marketing Data Analyst,Marrina decisions,2.0,5.0,,,Remote,26.0,Naukri,4.0,3.0,Not Disclosed,False,Remote,Remote,True
711,Data Analyst,Akhil Systems,3.0,5.0,,,Gurgaon / Gurugram,120.0,Naukri,3.6,24.0,Not Disclosed,False,Gurgaon,City,True
712,Data Analyst,CAMSDATA Technologies India Pvt Ltd,2.0,8.0,,,Bangalore / Bengaluru,365.0,Naukri,3.5,45.0,Not Disclosed,False,Bangalore,City,True
713,Internal Audit Data Analyst,Stripe,5.0,7.0,,,Bangalore / Bengaluru,90.0,Naukri,3.6,18.0,Not Disclosed,False,Bangalore,City,True
714,Data Analyst - Operations,Apna Recruiter,1.0,2.0,1300000.0,1000000.0,Bangalore / Bengaluru,150.0,Naukri,3.2,145.0,Estimated by Ambition Box,True,Bangalore,City,True
715,Senior Data Analytics Engineer - Hadoop/Scala (3-5 yrs),QAAgility Technologies,3.0,5.0,,,Pune,60.0,hirist,3.8,5.0,Not Disclosed,False,Pune,City,True
716,Data Analyst,NOVISYNC SOLUTIONS INDIA PRIVATE LIMITED,3.0,4.0,,,Visakhapatnam,30.0,Naukri,4.7,4.0,Not Disclosed,False,Visakhapatnam,City,True
717,Data Analysis Consultant (2-7 yrs),ANAKIN SKYWALKER PRIVATE LIMITED,2.0,7.0,,,Bangalore / Bengaluru,12.0,hirist,2.5,10.0,Not Disclosed,False,Bangalore,City,True
718,Data Analyst,MIndstix Software Labs Pvt,3.0,8.0,,,Pune,90.0,Naukri,3.4,63.0,Not Disclosed,False,Pune,City,True
719,Data Analyst,"KPI Partners, Inc.",5.0,10.0,,,"Chennai, Pune, New Delhi
													+4 more",300.0,Naukri,3.3,103.0,Not Disclosed,False,Chennai,City,True
720,Data Analyst,Antarctica Global,1.0,4.0,,,Mumbai,180.0,Naukri,4.4,24.0,Not Disclosed,False,Mumbai,City,True
721,Senior Data Analyst,Tata nexarc,3.0,6.0,,,"Mumbai, Bangalore / Bengaluru",365.0,Naukri,3.1,210.0,Not Disclosed,False,Mumbai,City,True
722,Data Analyst,Innovation Incubator Advisory Pvt. Ltd.,1.0,2.0,,,Remote,365.0,Naukri,4.1,10.0,Not Disclosed,False,Remote,Remote,True
723,Data Governance Analyst - Informatica (3-6 yrs),Info Origin Inc,3.0,6.0,,,Bangalore / Bengaluru,60.0,hirist,4.2,11.0,Not Disclosed,False,Bangalore,City,True
724,Data Analyst,Scalelot Technologies,2.0,7.0,,,Surat,30.0,Naukri,3.6,5.0,Not Disclosed,False,Surat,City,True
725,Data Analyst,Samhita Integrated Solutions,2.0,4.0,,,"New Delhi, Mumbai",60.0,Naukri,4.1,15.0,Not Disclosed,False,Delhi,City,True
726,Sales Data Analyst,T7E Aftermarket Connect Pvt. Ltd.,3.0,8.0,,,Mumbai,60.0,Naukri,4.1,48.0,Not Disclosed,False,Mumbai,City,True
727,BI Data Analyst,Saltmine,2.0,4.0,,,Bangalore / Bengaluru,30.0,Naukri,4.7,3.0,Not Disclosed,False,Bangalore,City,True
728,Lead - Data Analyst and Research Team,AppZen,2.0,5.0,350000.0,400000.0,Pune,120.0,Naukri,3.9,14.0,Estimated by Ambition Box,True,Pune,City,True
729,Data Analyst,Tekfriday Processing Solutions Pvt Ltd.,0.0,2.0,,,Hyderabad/Secunderabad,365.0,First Naukri,4.0,79.0,Not Disclosed,False,Hyderabad,City,True
730,Python Developer - Artificial Intelligence (2-4 yrs),Crossover,2.0,4.0,,,"Mumbai, Jaipur, Rajasthan",30.0,hirist,3.3,26.0,Not Disclosed,False,Mumbai,City,True
731,Data Analyst II,REED ELSEVIER INDIA (a part of RELX India Pvt Ltd),3.0,6.0,,,Bangalore / Bengaluru,60.0,Naukri,3.7,91.0,Not Disclosed,False,Bangalore,City,True
732,Sales Operations Data Analyst,"Cloudflare, Inc.",0.0,4.0,,,Remote,13.0,Naukri,,,Not Disclosed,False,Remote,Remote,False
733,Data Analyst - Tableau/Power BI (2-5 yrs),T D Newton,2.0,5.0,,,"Hyderabad / Secunderabad, Gujarat, Chandigarh
													+5 more",30.0,hirist,2.7,33.0,Not Disclosed,False,Hyderabad,City,True
734,VDOT Data Analyst 2,Hankersystems India,0.0,1.0,,,Richmond,16.0,Naukri,3.3,3.0,Not Disclosed,False,Richmond,City,True
735,Senior Data Analyst,Deliveroo,3.0,6.0,,,"Chennai, Pune, New Delhi
													+4 more",30.0,Naukri,3.3,18.0,Not Disclosed,False,Chennai,City,True
736,E - commerce Data Analyst,Shine Business Solutions,2.0,7.0,,,Cochin/Ernakulam/Kochi,270.0,Naukri,3.9,11.0,Not Disclosed,False,Kochi,City,True
737,Sr Data Analyst / Power BI Developer,smartSense Consulting Solutions,2.0,4.0,,,Gandhinagar,730.0,Naukri,4.4,6.0,Not Disclosed,False,Gandhinagar,City,True
738,Data Analyst,BTree Systems,5.0,10.0,,,Chennai,240.0,Naukri,4.9,9.0,Not Disclosed,False,Chennai,City,True
739,Data Analyst,SSPL,2.0,7.0,,,"New Delhi, Mumbai",365.0,Naukri,4.0,72.0,Not Disclosed,False,Delhi,City,True
740,Data analyst,Purpos Planet,1.0,5.0,,,New Delhi,365.0,Naukri,4.6,13.0,Not Disclosed,False,Delhi,City,True
741,Data Analyst,"CityInfo Services Pvt. Ltd.,",15.0,18.0,,,Bangalore / Bengaluru,730.0,Naukri,4.3,26.0,Not Disclosed,False,Bangalore,City,True
742,Netradyne - Staff Data Analyst - Machine Learning (5-8 yrs),Netradyne Technologies India Pvt Ltd,5.0,8.0,,,Bangalore / Bengaluru,60.0,hirist,3.6,37.0,Not Disclosed,False,Bangalore,City,True
743,Sales Data Analyst,British Safety Council,3.0,5.0,,,Mumbai,17.0,Naukri,2.9,5.0,Not Disclosed,False,Mumbai,City,True
744,Data Analyst - SQL/Python (6-10 yrs),Forward eye technologies,6.0,10.0,,,"Chennai, Noida",30.0,hirist,4.7,3.0,Not Disclosed,False,Chennai,City,True
745,Data Analyst - Customer Experience,Flutter International,1.0,4.0,,,Gurgaon / Gurugram,10.0,Naukri,4.0,1.0,Not Disclosed,False,Gurgaon,City,True
746,SmartConnect Technologies - Data Analyst - Tableau/Power BI (3-4 yrs),SmartConnectt Technologies,3.0,4.0,,,Mumbai,60.0,hirist,2.9,69.0,Not Disclosed,False,Mumbai,City,True
747,Data Analyst Engineer,Ethos Life,0.0,3.0,,,Bangalore / Bengaluru,27.0,Naukri,2.9,8.0,Not Disclosed,False,Bangalore,City,True
748,Data Analyst,PATH,1.0,4.0,,,New Delhi,150.0,Naukri,4.0,92.0,Not Disclosed,False,Delhi,City,True
749,Data Analyst,NEXTGEN PROPERTY ADVISER PRIVATE LIMITED.,3.0,4.0,,,Hyderabad / Secunderabad,90.0,Naukri,4.7,8.0,Not Disclosed,False,Hyderabad,City,True
750,Senior Data Analyst,SaaS Labs,2.0,4.0,,,"Noida, New Delhi",1095.0,bigshyft,4.4,22.0,Not Disclosed,False,Noida,City,True
751,Lead - Data Analyst (8-12 yrs),KPB Consultants,8.0,12.0,,,Bangalore / Bengaluru,11.0,iimjobs,4.0,1.0,Not Disclosed,False,Bangalore,City,True
752,eCommerce Data Analyst,Six10ventures,2.0,6.0,,,Home based,23.0,Naukri,5.0,1.0,Not Disclosed,False,Home based,Remote,True
753,Data Visualization Expert - Tableau/Power BI (5-7 yrs),Cortex Consulting Pvt. Ltd.,5.0,7.0,,,Bangalore / Bengaluru,60.0,hirist,3.1,16.0,Not Disclosed,False,Bangalore,City,True
754,Data Scientist/Analyst - Data Mining & Statistical Analytics (2-10 yrs),Prime Infosoft,2.0,10.0,,,Remote,24.0,hirist,5.0,1.0,Not Disclosed,False,Remote,Remote,True
755,Senior Marketing Data Analyst,WeGo,5.0,7.0,,,Bangalore / Bengaluru,210.0,Naukri,3.9,9.0,Not Disclosed,False,Bangalore,City,True
756,Senior Data Analyst - Tableau,Beinex Consulting,2.0,4.0,,,Cochin/Ernakulam/Kochi,90.0,Naukri,3.4,23.0,Not Disclosed,False,Kochi,City,True
757,Data Analyst - Power BI,Beinex Consulting,1.0,3.0,,,Cochin/Ernakulam/Kochi,90.0,Naukri,3.4,23.0,Not Disclosed,False,Kochi,City,True
758,Senior Data Analyst,Beinex Consulting,3.0,5.0,,,Cochin/Ernakulam/Kochi,90.0,Naukri,3.4,23.0,Not Disclosed,False,Kochi,City,True
759,Senior Data Analyst,Qventus,5.0,6.0,,,Noida,12.0,Naukri,4.0,1.0,Not Disclosed,False,Noida,City,True
760,Data Analyst with Advanced Tableau,TECHNIX TECHNOLOGY,3.0,5.0,,,Bangalore / Bengaluru,60.0,Naukri,4.8,8.0,Not Disclosed,False,Bangalore,City,True
761,Senior Data Analyst,northern tool,10.0,12.0,,,Hyderabad / Secunderabad,30.0,Naukri,3.2,14.0,Not Disclosed,False,Hyderabad,City,True
762,Business Data Analyst,Syncpoint360,5.0,8.0,900000.0,1800000.0,Coimbatore,1.0,Naukri,3.0,1.0,Salary Listed by Company,True,Coimbatore,City,True
763,Data Analyst,Grab,2.0,6.0,,,Mumbai,150.0,Naukri,4.0,70.0,Not Disclosed,False,Mumbai,City,True
764,Data Analyst,Digital Glyde,0.0,3.0,,,"Chennai, Pune, New Delhi
													+4 more",30.0,Naukri,3.8,6.0,Not Disclosed,False,Chennai,City,True
765,Data Analyst / Senior Data Analyst,STATXO,3.0,8.0,,,Gurgaon / Gurugram,730.0,Naukri,4.8,9.0,Not Disclosed,False,Gurgaon,City,True
766,Data Analyst with Advanced Tableau,Technix india (p) limited,3.0,8.0,,,Bangalore / Bengaluru,365.0,Naukri,4.8,8.0,Not Disclosed,False,Bangalore,City,True
767,Data Analyst / Bioinformatic Analyst,Prayoga Lifesciences Inc,1.0,5.0,,,Bangalore / Bengaluru,30.0,Naukri,4.7,3.0,Not Disclosed,False,Bangalore,City,True
768,Senior Data Analyst,Anchanto SaaS Technology,8.0,13.0,,,Pune,30.0,Naukri,2.7,51.0,Not Disclosed,False,Pune,City,True
769,Corporate Business Analyst - Intelligence,ITC WORLDWIDE,2.0,5.0,,,Bangalore / Bengaluru,60.0,Naukri,4.8,4.0,Not Disclosed,False,Bangalore,City,True
770,Corporate Business Analyst - Intelligence,ITC WORLDWIDE,2.0,5.0,,,Pune,60.0,Naukri,4.8,4.0,Not Disclosed,False,Pune,City,True
771,Data Analyst,Freedom From Diabetes Pvt. Ltd.,1.0,4.0,,,Pune,90.0,Naukri,3.3,24.0,Not Disclosed,False,Pune,City,True
772,DIGITAL DATA ANALYST INTERN,DG7,0.0,1.0,,,"Mumbai, Vasai-Virar",300.0,Naukri,4.1,22.0,Not Disclosed,False,Mumbai,City,True
773,Sr . Data Analyst,DemandMatrix,5.0,8.0,,,Pune,1095.0,Naukri,3.9,7.0,Not Disclosed,False,Pune,City,True
774,Data Analyst,Ipseity Group,1.0,3.0,,,Bhopal,1095.0,Naukri,4.2,18.0,Not Disclosed,False,Bhopal,City,True
775,Sales Executive,DG7,2.0,4.0,,,Mumbai,1825.0,Naukri,4.1,22.0,Not Disclosed,False,Mumbai,City,True
776,Senior Data Analyst - Python/SQL/Azure Data Factory (3-5 yrs),se,3.0,5.0,,,Mumbai,30.0,hirist,3.2,4.0,Not Disclosed,False,Mumbai,City,True
777,FP&A Data Analyst,"Open-Silicon, Inc.",2.0,5.0,,,"Pune, Bangalore / Bengaluru",90.0,Naukri,4.4,4.0,Not Disclosed,False,Pune,City,True
778,Senior Data Analyst (L5),Global Pharma Tek,7.0,9.0,,,Bangalore / Bengaluru,210.0,Naukri,3.3,21.0,Not Disclosed,False,Bangalore,City,True
779,Data Analyst,Global Pharma Tek,3.0,5.0,,,Bangalore / Bengaluru,210.0,Naukri,3.3,21.0,Not Disclosed,False,Bangalore,City,True
780,Data Analyst,Global Pharma Tek,5.0,7.0,,,Bangalore / Bengaluru,210.0,Naukri,3.3,21.0,Not Disclosed,False,Bangalore,City,True
781,PHP Developer,Essence Software Solution,0.0,4.0,,,Gurgaon / Gurugram,365.0,Naukri,4.6,7.0,Not Disclosed,False,Gurgaon,City,True
782,Business Data Analyst,N Sight Consulting Group,3.0,4.0,,,Gurgaon / Gurugram,26.0,Naukri,3.0,4.0,Not Disclosed,False,Gurgaon,City,True
783,Data Analyst - Business Intelligence (4-6 yrs),"Saaki, Argus and Averil Consulting",4.0,6.0,,,"Bangalore / Bengaluru, Chennai, Gurgaon / Gurugram",30.0,hirist,3.9,6.0,Not Disclosed,False,Bangalore,City,True
784,Report Designer/Developer,Pinion Services,1.0,8.0,,,"Hyderabad / Secunderabad, Visakhapatnam",365.0,Naukri,4.3,11.0,Not Disclosed,False,Hyderabad,City,True
785,Business Systems/Data Analyst,Pinion Services,1.0,8.0,,,"Hyderabad / Secunderabad, Visakhapatnam",365.0,Naukri,4.3,11.0,Not Disclosed,False,Hyderabad,City,True
786,Data Analyst,Q-DAT IT SOLUTIONS PVT. LTD.,2.0,5.0,115000.0,250000.0,Bangalore / Bengaluru,1825.0,Naukri,4.2,12.0,Estimated by Ambition Box,True,Bangalore,City,True
787,Data Analyst,Derivium Tradition,0.0,2.0,,,Mumbai,24.0,Naukri,3.3,2.0,Not Disclosed,False,Mumbai,City,True
788,Data Analyst,Magzter Digital Private Limited,2.0,7.0,,,Chennai,365.0,Naukri,3.2,20.0,Not Disclosed,False,Chennai,City,True
789,Data Analyst,Legalwiz,1.0,3.0,,,Ahmedabad,365.0,Naukri,4.5,7.0,Not Disclosed,False,Ahmedabad,City,True
790,Insurance Data Analyst,XDuce,2.0,3.0,,,Ahmedabad,730.0,Naukri,3.2,22.0,Not Disclosed,False,Ahmedabad,City,True
791,Data Analyst,Innovative Techhub Private Limited,2.0,5.0,,,Pune,365.0,Naukri,4.3,14.0,Not Disclosed,False,Pune,City,True
792,Sr. Analyst,Wissda Inc,3.0,7.0,,,Bangalore / Bengaluru,330.0,Naukri,4.4,9.0,Not Disclosed,False,Bangalore,City,True
793,Data Analyst,Epaylater,3.0,6.0,,,Mumbai,365.0,Naukri,3.8,52.0,Not Disclosed,False,Mumbai,City,True
794,RBHU Analytics - Data Analyst Trainee - R/Python,RBHU ETG Private Limited,0.0,2.0,,,Mumbai,27.0,Naukri,2.9,4.0,Not Disclosed,False,Mumbai,City,True
795,DATA ANALYST,Scaleup Mission,3.0,4.0,,,Bangalore / Bengaluru,30.0,Naukri,4.3,3.0,Not Disclosed,False,Bangalore,City,True
796,CRM Data Analyst,Screen-Magic,1.0,4.0,,,Pune,90.0,Naukri,3.8,26.0,Not Disclosed,False,Pune,City,True
797,Data Analyst-SR,A T L A S Systems Pvt LTD,3.0,8.0,,,Chennai,365.0,Naukri,2.9,38.0,Not Disclosed,False,Chennai,City,True
798,Data Analyst - Power BI/Tableau (5-7 yrs),RiskInsight Consulting Pvt Ltd,5.0,7.0,,,Chennai,30.0,hirist,3.9,4.0,Not Disclosed,False,Chennai,City,True
799,Technical Consultant - Tableau,Tableau Software,3.0,6.0,,,"Pune, Bangalore / Bengaluru, Gurgaon / Gurugram
													+2 more",30.0,Naukri,1.1,2.0,Not Disclosed,False,Pune,City,True
800,Data Analyst,Anju Software,1.0,5.0,,,Pune,150.0,Naukri,4.7,7.0,Not Disclosed,False,Pune,City,True
801,Data Analyst - DS (Quantum),m360 Research,5.0,7.0,,,Bangalore / Bengaluru,210.0,Naukri,4.1,17.0,Not Disclosed,False,Bangalore,City,True
802,Power BI Developer,Bitscape Infotech Pvt. Ltd,2.0,5.0,,,Ahmedabad,1095.0,Naukri,3.9,31.0,Not Disclosed,False,Ahmedabad,City,True
803,Voice and Accent Trainer - Diya Systems,GlowTouch Technologies,2.0,5.0,,,Mangaluru,1460.0,Naukri,3.5,88.0,Not Disclosed,False,Mangaluru,City,True
804,Data Analyst,GlowTouch Technologies,4.0,9.0,,,Mangaluru,1460.0,Naukri,3.5,88.0,Not Disclosed,False,Mangaluru,City,True
805,data analyst,infoveave,1.0,3.0,450000.0,850000.0,Bangalore / Bengaluru,365.0,Naukri,3.8,20.0,Estimated by Ambition Box,True,Bangalore,City,True
806,Data Analyst,Fashion TV India,1.0,4.0,,,Mumbai,300.0,Naukri,3.4,179.0,Not Disclosed,False,Mumbai,City,True
807,Senior data analyst,Fashion TV India,5.0,6.0,,,Mumbai,300.0,Naukri,3.4,179.0,Not Disclosed,False,Mumbai,City,True
808,Presales Data Analyst,DiLytics,3.0,10.0,,,Hyderabad / Secunderabad,210.0,Naukri,4.3,11.0,Not Disclosed,False,Hyderabad,City,True
809,Sr. Quality Analyst - Data,Assimilate Solutions,4.0,9.0,,,"Noida, Gurgaon / Gurugram",730.0,Naukri,3.3,741.0,Not Disclosed,False,Noida,City,True
810,Sr. Data Analyst,Assimilate Solutions,5.0,10.0,,,"Noida, Gurgaon / Gurugram",730.0,Naukri,3.3,741.0,Not Disclosed,False,Noida,City,True
811,Senior Business Analyst (2-5 yrs),Zyoin group,2.0,5.0,,,Bangalore / Bengaluru,27.0,hirist,4.0,1.0,Not Disclosed,False,Bangalore,City,True
812,IT Training Center,Excel PTP,4.0,9.0,,,Ahmedabad,1095.0,Naukri,5.0,2.0,Not Disclosed,False,Ahmedabad,City,True
813,Data Visualization (Microsoft Power BI),Wim Plast,2.0,3.0,,,Mumbai,730.0,Naukri,3.7,36.0,Not Disclosed,False,Mumbai,City,True
814,Data Analyst (Microsoft Power BI),Wim Plast,3.0,7.0,,,Mumbai,330.0,Naukri,3.7,36.0,Not Disclosed,False,Mumbai,City,True
815,Data Analyst Intern,Wadhwani AI,0.0,1.0,,,Mumbai,60.0,Naukri,3.1,18.0,Not Disclosed,False,Mumbai,City,True
816,Aezion - Senior Data Architect - Data Modeling (8-20 yrs),Aezion.Inc,8.0,20.0,,,"Bangalore / Bengaluru, Mysuru / Mysore, Coimbatore",30.0,hirist,5.0,1.0,Not Disclosed,False,Bangalore,City,True
817,Senior Data Analyst,Ajackus Consulting,4.0,9.0,,,India,28.0,Naukri,4.0,1.0,Not Disclosed,False,India,International,True
818,Data Science Engineer - Machine Learning/NLP (5-10 yrs),Consulting Pandits,5.0,10.0,,,Pune,60.0,hirist,5.0,2.0,Not Disclosed,False,Pune,City,True
819,Data Analyst,Nurturing Green Retail Pvt. Ltd,4.0,9.0,,,Noida,365.0,Naukri,3.8,25.0,Not Disclosed,False,Noida,City,True
820,Data Analyst,Cointab,1.0,3.0,,,"Mumbai, Maldah / Malda",365.0,Naukri,4.1,14.0,Not Disclosed,False,Mumbai,City,True
821,MIS & Data Analysts,Innovative IT Initiatives,3.0,8.0,,,Mohali,365.0,Naukri,3.6,30.0,Not Disclosed,False,Mohali,City,True
822,Staff Business and Data Analyst - Power BI Developer,Service Now Planet,2.0,6.0,,,Hyderabad / Secunderabad,30.0,Naukri,5.0,1.0,Not Disclosed,False,Hyderabad,City,True
823,Data Analyst,Eagle Forgings,0.0,1.0,125000.0,200000.0,Noida,30.0,Naukri,2.5,6.0,Salary Listed by Company,True,Noida,City,True
824,Haleon - Data Analyst (4-8 yrs),Haleon,4.0,8.0,,,Gurgaon / Gurugram,60.0,iimjobs,3.5,68.0,Not Disclosed,False,Gurgaon,City,True
825,Data Analyst,InOpen Technologies,1.0,3.0,,,Hyderabad / Secunderabad,25.0,Naukri,2.9,2.0,Not Disclosed,False,Hyderabad,City,True
826,Oracle HCM Data Analyst,AVTECH Software Services,1.0,7.0,,,Remote,60.0,Naukri,4.5,4.0,Not Disclosed,False,Remote,Remote,True
827,Lead Data Analyst/Scientist Python Appzlogic,Appzlogic Mobility Solutions Pvt Ltd,6.0,8.0,,,Noida,300.0,Naukri,3.8,26.0,Not Disclosed,False,Noida,City,True
828,Consultant - Data Analyst,RGA,0.0,1.0,,,Mumbai,365.0,Naukri,4.4,8.0,Not Disclosed,False,Mumbai,City,True
829,Data Analyst,Response Informatics,1.0,4.0,,,Hyderabad / Secunderabad,365.0,Naukri,3.9,19.0,Not Disclosed,False,Hyderabad,City,True
830,"Data Analyst, Reinsurance Administration",RGA,2.0,4.0,,,Mumbai,90.0,Naukri,4.4,8.0,Not Disclosed,False,Mumbai,City,True
831,Data Analyst,Response Informatics,5.0,10.0,,,"Chennai, Pune, New Delhi
													+4 more",90.0,Naukri,3.9,19.0,Not Disclosed,False,Chennai,City,True
832,Data Analyst - Python/Power BI (1-3 yrs),Info Origin Inc,1.0,3.0,,,Bangalore / Bengaluru,90.0,hirist,4.2,11.0,Not Disclosed,False,Bangalore,City,True
833,Scrum Master,Appzlogic Mobility Solutions Pvt Ltd,10.0,20.0,,,Noida,300.0,Naukri,3.8,26.0,Not Disclosed,False,Noida,City,True
834,Senior Data Analyst,RGA,2.0,4.0,,,Mumbai,730.0,Naukri,4.4,8.0,Not Disclosed,False,Mumbai,City,True
835,GIS Data Analyst,Carifer Technologies Private Limited,1.0,3.0,,,Erode,365.0,Naukri,4.4,8.0,Not Disclosed,False,Erode,City,True
836,Data Analyst,Intuitive Apps,6.0,11.0,,,Gurgaon / Gurugram,240.0,Naukri,5.0,4.0,Not Disclosed,False,Gurgaon,City,True
837,Senior Business Data Analyst,NthInsight Technologies,3.0,8.0,,,Bangalore / Bengaluru,30.0,Naukri,4.0,1.0,Not Disclosed,False,Bangalore,City,True
838,Senior Data Analyst,Paradigm Inc,2.0,5.0,,,Remote,30.0,Naukri,4.0,1.0,Not Disclosed,False,Remote,Remote,True
839,Health Care Data Analyst / BA,Y&L Consulting,8.0,13.0,1200000.0,2200000.0,Hyderabad / Secunderabad,30.0,Naukri,,,Salary Listed by Company,True,Hyderabad,City,False
840,Data Analyst SAS,Intileo Technologies,8.0,13.0,,,"Bangalore / Bengaluru, Kolkata",0.0,Naukri,,,Not Disclosed,False,Bangalore,City,False
841,Data Analyst - US MNC (analytics),Aspyra Hr Services,3.0,8.0,1500000.0,3000000.0,"Pune, Bangalore / Bengaluru",0.0,Naukri,,,Salary Listed by Company,True,Pune,City,False
842,Data Analyst,Aliqan Services,7.0,10.0,2250000.0,3500000.0,"Pune, Mumbai",10.0,Naukri,,,Salary Listed by Company,True,Pune,City,False
843,Data Analyst- Biostatistics- cancer,Odigoshub,8.0,12.0,1300000.0,2000000.0,Navi Mumbai,1.0,Naukri,,,Salary Listed by Company,True,Mumbai,City,False
844,Business Analyst & Data Analyst Data Science Only Freshers Can Apply,Techgimini,0.0,1.0,475000.0,700000.0,Pune,1.0,Naukri,,,Salary Listed by Company,True,Pune,City,False
845,Data Analyst - Power BI,Gramener IT Services,5.0,10.0,,,Hyderabad / Secunderabad,300.0,Naukri,3.5,6.0,Not Disclosed,False,Hyderabad,City,True
846,Data Analyst - Power BI,Gramener IT Services,5.0,10.0,,,"Bangalore / Bengaluru, Coimbatore, Hyderabad / Secunderabad",300.0,Naukri,3.5,6.0,Not Disclosed,False,Bangalore,City,True
847,Data Analyst - Power BI,Gramener IT Services,5.0,9.0,,,"Bangalore / Bengaluru, Coimbatore, Hyderabad / Secunderabad",300.0,Naukri,3.5,6.0,Not Disclosed,False,Bangalore,City,True
848,APIC & DataPower Developer,Gramener IT Services,4.0,9.0,,,"Chennai, Hyderabad / Secunderabad",365.0,Naukri,3.5,6.0,Not Disclosed,False,Chennai,City,True
849,Data Analyst,iXie Gaming,2.0,4.0,,,Hyderabad / Secunderabad,180.0,Naukri,4.0,14.0,Not Disclosed,False,Hyderabad,City,True
850,Data Analyst,iXie Gaming,2.0,4.0,,,Hyderabad / Secunderabad,180.0,Naukri,4.0,14.0,Not Disclosed,False,Hyderabad,City,True
851,Data Analyst,iXie Gaming,2.0,7.0,,,Hyderabad / Secunderabad,180.0,Naukri,4.0,14.0,Not Disclosed,False,Hyderabad,City,True
852,Data Analyst - Tableau,iXie Gaming,4.0,9.0,,,Chennai,180.0,Naukri,4.0,14.0,Not Disclosed,False,Chennai,City,True
853,Data Analyst,iXie Gaming,4.0,9.0,,,Chennai,150.0,Naukri,4.0,14.0,Not Disclosed,False,Chennai,City,True
854,Data Analyst,iXie Gaming,4.0,9.0,,,Bangalore / Bengaluru,180.0,Naukri,4.0,14.0,Not Disclosed,False,Bangalore,City,True
855,Data Analyst,iXie Gaming,5.0,10.0,,,Hyderabad / Secunderabad,180.0,Naukri,4.0,14.0,Not Disclosed,False,Hyderabad,City,True
856,Data Analyst,iXie Gaming,4.0,9.0,,,Chennai,180.0,Naukri,4.0,14.0,Not Disclosed,False,Chennai,City,True
857,Data Analyst,iXie Gaming,1.0,3.0,,,Bangalore / Bengaluru,240.0,Naukri,4.0,14.0,Not Disclosed,False,Bangalore,City,True
858,Data Analyst - R/Python (3-7 yrs),RapidBraiins,3.0,7.0,,,Remote,2.0,hirist,,,Not Disclosed,False,Remote,Remote,False
859,Senior Data Analyst! Salary 60k,Indu Kumari,7.0,12.0,300000.0,650000.0,Palwal,2.0,Naukri,,,Salary Listed by Company,True,Palwal,City,False
860,Data Analyst,Gamenation,1.0,5.0,200000.0,450000.0,Chennai,2.0,Naukri,1.0,1.0,Salary Listed by Company,True,Chennai,City,True
861,Global Compensation Analyst,Jumpcloud,4.0,5.0,,,"Pune, New Delhi, Mumbai
													+2 more",30.0,Naukri,3.6,4.0,Not Disclosed,False,Pune,City,True
862,Data Analyst,Shell Infotech,5.0,10.0,2500000.0,2750000.0,Bangalore Rural,2.0,Naukri,,,Salary Listed by Company,True,Bangalore Rural,City,False
863,People Analytics Data Analyst,MetaforgeIT solutions,4.0,6.0,1200000.0,1400000.0,Hyderabad / Secunderabad,2.0,Naukri,,,Salary Listed by Company,True,Hyderabad,City,False
864,Con - Data Analyst ( Python + SQL - must ),Pylon Management Consulting,2.0,4.0,360000.0,1610000.0000000002,Bangalore Rural,2.0,Naukri,,,Estimated by Ambition Box,True,Bangalore Rural,City,False
865,Data Analyst (Tableau/BI/CRMA),Databricks,4.0,9.0,,,Bangalore / Bengaluru,60.0,Naukri,2.6,11.0,Not Disclosed,False,Bangalore,City,True
866,Data Analyst with an Insurance Company,The Recruiters,1.0,3.0,700000.0,1000000.0,Kolkata,2.0,Naukri,,,Salary Listed by Company,True,Kolkata,City,False
867,Senior Data Analyst,Quation Solutions Pvt Ltd,4.0,9.0,,,Chennai,30.0,Naukri,4.4,2.0,Not Disclosed,False,Chennai,City,True
868,Wayfair - Lead Analyst - SQL/Python (4-8 yrs),Wayfair,4.0,8.0,,,Bangalore / Bengaluru,60.0,hirist,4.0,12.0,Not Disclosed,False,Bangalore,City,True
869,Data Modeller/Data Analyst (5-12 yrs),VIDPRO CONSULTANCY SERVICES,5.0,12.0,,,"Bangalore / Bengaluru, Kolkata, Chennai
													+2 more",3.0,hirist,,,Not Disclosed,False,Bangalore,City,False
870,Data Analyst/Senior Data Analyst/Data Scientist - Bank (2-8 yrs),Steps,2.0,8.0,,,Mumbai,3.0,iimjobs,,,Not Disclosed,False,Mumbai,City,False
871,Data Integration Analyst - Talend/ETL (2-4 yrs),TalentXo,2.0,4.0,,,Bangalore / Bengaluru,60.0,hirist,2.9,20.0,Not Disclosed,False,Bangalore,City,True
872,Data Analyst - NBFC (7-15 yrs),The BIG Advantage,7.0,15.0,,,Mumbai,3.0,iimjobs,,,Not Disclosed,False,Mumbai,City,False
873,Data Analyst || Immediate Joiner,Hiresquad Resources,4.0,9.0,400000.0,850000.0,"Chennai, Bangalore / Bengaluru",3.0,Naukri,,,Salary Listed by Company,True,Chennai,City,False
874,Data Analyst,Xoom Inc,3.0,6.0,,,Hyderabad / Secunderabad,3.0,Naukri,,,Not Disclosed,False,Hyderabad,City,False
875,Data Analyst,BOMBAY PLAY PRIVATE LIMITED,0.0,3.0,,,Bangalore / Bengaluru,150.0,Naukri,4.5,6.0,Not Disclosed,False,Bangalore,City,True
876,Marketing Data Analyst,Headspin Technologies Private Limited,2.0,4.0,,,Remote,300.0,Naukri,4.0,12.0,Not Disclosed,False,Remote,Remote,True
877,Data Analyst,Herijobs,3.0,5.0,250000.0,375000.0,Surat,3.0,Naukri,,,Salary Listed by Company,True,Surat,City,False
878,Data Scientist/ Data Analyst,Keenedge Hr Solutions,8.0,10.0,2500000.0,3000000.0,New Delhi,3.0,Naukri,,,Salary Listed by Company,True,Delhi,City,False
879,Data Analyst,Hiresquad Resources,4.0,9.0,700000.0,1700000.0,"Chennai, Bangalore / Bengaluru",3.0,Naukri,,,Salary Listed by Company,True,Chennai,City,False
880,Data Analyst - Sales,Enticement Infrastructure,4.0,8.0,500000.0,850000.0,Noida,3.0,Naukri,,,Salary Listed by Company,True,Noida,City,False
881,Tableau Developer - Business Intelligence (3-5 yrs),D Square Consulting Service,3.0,5.0,,,"Mumbai, Pune",4.0,hirist,1.0,1.0,Not Disclosed,False,Mumbai,City,True
882,Data Analyst || Data Scientist,Allegis Global Solutions (india),4.0,9.0,90000.0,4400000.0,"Bangalore / Bengaluru, Hyderabad / Secunderabad, Kolkata",4.0,Naukri,,,Estimated by Ambition Box,True,Bangalore,City,False
883,Data Analyst,KR3 Information Systems,5.0,10.0,,,Noida,4.0,Naukri,,,Not Disclosed,False,Noida,City,False
884,Reliability Data Analyst,PinnacleART,1.0,6.0,,,Hyderabad / Secunderabad,4.0,Naukri,,,Not Disclosed,False,Hyderabad,City,False
885,Big Data Analyst,500 Apps,1.0,4.0,650000.0,1200000.0,"Chennai, Pune, Delhi/Ncr
													+5 more",4.0,Naukri,1.0,1.0,Salary Listed by Company,True,Chennai,City,True
886,Data Analyst,Meadowsweet Organics Llp,0.0,5.0,500000.0,1200000.0,"Pune, Bangalore / Bengaluru, Hyderabad / Secunderabad",4.0,Naukri,,,Salary Listed by Company,True,Pune,City,False
887,Data Analyst - ABS Investment Research,MG GLOBAL,1.0,3.0,,,Mumbai,30.0,Naukri,3.6,4.0,Not Disclosed,False,Mumbai,City,True
888,Urgent | Data analyst- Goregaon,Topgear Consultants,4.0,9.0,450000.0,950000.0,"Thane, Goregaon, Mumbai",4.0,Naukri,,,Salary Listed by Company,True,Thane,City,False
889,Data Analyst,Orion Edutech,2.0,3.0,200000.0,300000.0,Kolkata,4.0,Naukri,,,Salary Listed by Company,True,Kolkata,City,False
890,Senior Data Analyst,Vision Unlimited,1.0,6.0,300000.0,600000.0,"Mohali, Chandigarh",4.0,Naukri,,,Salary Listed by Company,True,Mohali,City,False
891,Technical Data Analyst,American InfoSource Business Solutions Pvt Ltd,1.0,3.0,,,Vadodara,120.0,Naukri,3.4,47.0,Not Disclosed,False,Vadodara,City,True
892,Clinical Data Analyst & Auditing Specialist,ZignaAI,5.0,10.0,,,Hyderabad / Secunderabad,270.0,Naukri,4.8,4.0,Not Disclosed,False,Hyderabad,City,True
893,Medical Data Analyst,ARDEM Data Services Private Limited,1.0,3.0,,,Lucknow,300.0,Naukri,3.3,116.0,Not Disclosed,False,Lucknow,City,True
894,Data Modelling Developer,Redgrape Business Services,1.0,3.0,,,Chennai,365.0,Naukri,3.8,15.0,Not Disclosed,False,Chennai,City,True
895,Data Analyst,HEXONICA,3.0,5.0,,,Pune,1460.0,Naukri,4.3,7.0,Not Disclosed,False,Pune,City,True
896,Data Analyst - Python/SQL Server (2-5 yrs),Huquo,2.0,5.0,,,Gurgaon / Gurugram,60.0,hirist,3.8,14.0,Not Disclosed,False,Gurgaon,City,True
897,Data Analyst Intern,Mylaorganics,0.0,1.0,,,Hyderabad / Secunderabad,5.0,Naukri,,,Not Disclosed,False,Hyderabad,City,False
898,Senior Business Analyst/Data Analyst,Live Connections,5.0,9.0,,,Hyderabad / Secunderabad,5.0,Naukri,,,Not Disclosed,False,Hyderabad,City,False
899,Data Analyst,Yuva Hr Services,3.0,4.0,500000.0,800000.0,Kolkata,5.0,Naukri,,,Salary Listed by Company,True,Kolkata,City,False
900,R&D Process Data Engineer / Data Analyst (  Female ONLY  @ Oragadam ),Adonis Recruitment Consultants,3.0,8.0,800000.0,1200000.0,"Oragadam, Chennai, Sriperumbudur",5.0,Naukri,,,Salary Listed by Company,True,Oragadam,City,False
901,Assistant Manager (Data Analyst / Corporate Strategy) - Bangalore,Workoid Consultants.,2.0,7.0,900000.0,1100000.0,Bangalore / Bengaluru,5.0,Naukri,,,Salary Listed by Company,True,Bangalore,City,False
902,"Data Analytics - Python, SQL  3+ years - Mumbai",Crescendo Global Leadership Hiring India Private L Imited,3.0,8.0,,,Mumbai,5.0,Naukri,,,Not Disclosed,False,Mumbai,City,False
903,Tariff Analyst - SQL/Python (2-4 yrs),TechTiv Software Solutions,2.0,4.0,,,Pune,6.0,hirist,,,Not Disclosed,False,Pune,City,False
904,Tableau Developer - Data Visualization (4-6 yrs),TechTiv Software Solutions,4.0,6.0,,,"Mumbai, Pune",6.0,hirist,,,Not Disclosed,False,Mumbai,City,False
905,HR Analytics,LEVARAGE BUSINESS SOLUTIONS,4.0,8.0,252000.0,4800000.0,Bangalore / Bengaluru,6.0,Naukri,,,Estimated by Ambition Box,True,Bangalore,City,False
906,Business Data Analyst,Aram Logistics Solutions,3.0,7.0,,,Coimbatore,6.0,Naukri,,,Not Disclosed,False,Coimbatore,City,False
907,Data Analyst/Processing Specialist,Prakhar Software Solutions,2.0,5.0,,,New Delhi,180.0,Naukri,3.3,54.0,Not Disclosed,False,Delhi,City,True
908,Data Analyst,Prakhar Software Solutions,2.0,4.0,,,New Delhi,240.0,Naukri,3.3,54.0,Not Disclosed,False,Delhi,City,True
909,"BI Data Analyst, Pan India",Lingaro Group,2.0,5.0,,,Remote,730.0,Naukri,4.2,8.0,Not Disclosed,False,Remote,Remote,True
910,BA Data Analyst,Ditstek Innovation Pvt. Ltd.,8.0,10.0,,,Mohali,6.0,Naukri,,,Not Disclosed,False,Mohali,City,False
911,Senior Data Analyst | Celonis | Mumbai | MNC | Direct Payroll |,Innovation Consulting Services,4.0,7.0,1800000.0,2250000.0,Mumbai,6.0,Naukri,,,Salary Listed by Company,True,Mumbai,City,False
912,Assistant Manager (Data Analyst) - Kolkata,Workoid Consultants.,2.0,7.0,900000.0,1100000.0,Kolkata,6.0,Naukri,,,Salary Listed by Company,True,Kolkata,City,False
913,Jr. Data Analyst,Allime Tech Solutions,4.0,6.0,,,Chennai,6.0,Naukri,,,Not Disclosed,False,Chennai,City,False
914,Data Analyst - US Banking (4-8 yrs),Resourcetree,4.0,8.0,,,"Mumbai, Bangalore / Bengaluru, Hyderabad / Secunderabad
													+3 more",7.0,iimjobs,,,Not Disclosed,False,Mumbai,City,False
915,Data Analyst - Insurance (2-6 yrs),Serving Skill,2.0,6.0,,,Mumbai,7.0,iimjobs,,,Not Disclosed,False,Mumbai,City,False
916,Senior Data Analyst - Tableau/Power BI (5-7 yrs),TalentXo,5.0,7.0,,,"Bangalore / Bengaluru, Hyderabad / Secunderabad",60.0,hirist,2.9,20.0,Not Disclosed,False,Bangalore,City,True
917,Data Analyst,Xyle,0.0,1.0,400000.0,450000.0,Gurgaon / Gurugram,7.0,Naukri,,,Salary Listed by Company,True,Gurgaon,City,False
918,BI Data Analyst - AVK,Avk tech solutions,5.0,10.0,,,Hyderabad / Secunderabad,120.0,Naukri,4.7,4.0,Not Disclosed,False,Hyderabad,City,True
919,Data Analyst Intern (UnPaid),Saveo,0.0,1.0,,,Bangalore / Bengaluru,120.0,Naukri,3.3,57.0,Not Disclosed,False,Bangalore,City,True
920,Data Analyst,Essenware Private Limted,1.0,3.0,,,Bangalore / Bengaluru,240.0,Naukri,4.7,4.0,Not Disclosed,False,Bangalore,City,True
921,Lead Data Analyst - Associate Tech Specialist,Essenware Private Limted,2.0,4.0,,,Pune,270.0,Naukri,4.7,4.0,Not Disclosed,False,Pune,City,True
922,Data Analyst,Myyogateacher.com,2.0,2.0,,,Bangalore / Bengaluru,330.0,Naukri,4.7,4.0,Not Disclosed,False,Bangalore,City,True
923,SQL Data Analyst,Essenware Private Limted,7.0,12.0,,,Hyderabad / Secunderabad,365.0,Naukri,4.7,4.0,Not Disclosed,False,Hyderabad,City,True
924,Data Analyst,Essenware Private Limted,1.0,3.0,,,Hyderabad / Secunderabad,365.0,Naukri,4.7,4.0,Not Disclosed,False,Hyderabad,City,True
925,Data Analyst,Essenware Private Limted,1.0,3.0,,,Mumbai,365.0,Naukri,4.7,4.0,Not Disclosed,False,Mumbai,City,True
926,Sr. Data Analyst,Essenware Private Limted,8.0,9.0,,,Hyderabad / Secunderabad,365.0,Naukri,4.7,4.0,Not Disclosed,False,Hyderabad,City,True
927,Data Analyst,Essenware Private Limted,1.0,3.0,,,Hyderabad / Secunderabad,365.0,Naukri,4.7,4.0,Not Disclosed,False,Hyderabad,City,True
928,Data Analyst,CINDREBAY SCHOOL OF FASHION & INTERIOR DESIGN,1.0,4.0,,,"Thiruvananthapuram, Lucknow, Indore
													+10 more",730.0,Naukri,3.8,16.0,Not Disclosed,False,Thiruvananthapuram,City,True
929,Data Scientist,Myyogateacher.com,3.0,3.0,,,Bangalore / Bengaluru,330.0,Naukri,4.7,4.0,Not Disclosed,False,Bangalore,City,True
930,Sr. Data Analyst,Essenware Private Limted,2.0,4.0,,,Bangalore / Bengaluru,365.0,Naukri,4.7,4.0,Not Disclosed,False,Bangalore,City,True
931,Akaike Technologies - Senior Data Analyst (2-4 yrs),Akaike Technologies,2.0,4.0,,,Bangalore / Bengaluru,30.0,hirist,3.8,3.0,Not Disclosed,False,Bangalore,City,True
932,Data Analyst - Business Intelligence (3-5 yrs),hCapital Business Consulting Private Limited,3.0,5.0,,,"Mumbai, Bangalore / Bengaluru",60.0,hirist,3.3,29.0,Not Disclosed,False,Mumbai,City,True
933,Data Analyst,Qualtop Solutions,2.0,3.0,,,"Faridabad, Delhi/Ncr, Gurgaon / Gurugram",8.0,Naukri,,,Not Disclosed,False,Faridabad,City,False
934,Data Analyst,Qualtop,2.0,3.0,,,"Faridabad, Delhi/Ncr, Gurgaon / Gurugram",8.0,Naukri,,,Not Disclosed,False,Faridabad,City,False
935,Data Analyst Employee Benefits Accounting,MG GLOBAL,1.0,4.0,,,Mumbai,30.0,Naukri,3.6,4.0,Not Disclosed,False,Mumbai,City,True
936,Hiring For Business Analyst  Consultant _Females Only _ Permanent WFH,Orcapod Consulting Services,5.0,9.0,200000.0,325000.0,India,8.0,Naukri,,,Salary Listed by Company,True,India,International,False
937,Data Analyst/ Business Analyst - Chemical MNC - Mumbai,Purechase India,5.0,10.0,1200000.0,1800000.0,"Mumbai suburbs, Mumbai",9.0,Naukri,,,Salary Listed by Company,True,Mumbai,City,False
938,MIS Manager / DATA Analyst,Job Search,8.0,12.0,800000.0,1200000.0,Mumbai,9.0,Naukri,,,Salary Listed by Company,True,Mumbai,City,False
939,Data Analyst / GCP Engineer,4Bell Technology,2.0,7.0,200000.0,700000.0,"Pune, Mumbai",9.0,Naukri,,,Estimated by Ambition Box,True,Pune,City,False
940,Performance/Data Analyst-Listed Solar Energy Industry -Gurgaon,Hcapital,4.0,9.0,2250000.0,2500000.0,Gurgaon / Gurugram,9.0,Naukri,,,Salary Listed by Company,True,Gurgaon,City,False
941,Data Management Executive; Location - Kinshasa DR Congo,Exponent Jobs,5.0,10.0,650000.0,850000.0,Kinshasa,9.0,Naukri,,,Salary Listed by Company,True,Kinshasa,International,False
942,Data Analyst,IDESLABS PRIVATE LIMITED,3.0,6.0,,,Hyderabad / Secunderabad,270.0,Naukri,2.9,11.0,Not Disclosed,False,Hyderabad,City,True
943,Sr. Data Analyst,IDESLABS PRIVATE LIMITED,8.0,9.0,,,Hyderabad / Secunderabad,300.0,Naukri,2.9,11.0,Not Disclosed,False,Hyderabad,City,True
944,Data Analyst,EMINENTURE PRIVATE LIMITED,1.0,4.0,,,New Delhi,180.0,Naukri,2.5,22.0,Not Disclosed,False,Delhi,City,True
945,Senior Data Analyst,Prevalent AI India Private Limited,4.0,9.0,,,Cochin/Ernakulam/Kochi,300.0,Naukri,3.9,10.0,Not Disclosed,False,Kochi,City,True
946,Senior Data Analyst,sRide Carpool,3.0,8.0,,,"Chennai, Pune, New Delhi
													+3 more",730.0,Naukri,4.0,9.0,Not Disclosed,False,Chennai,City,True
947,Data Analyst,hashtag infosystem,3.0,6.0,,,Surat,120.0,Naukri,3.9,11.0,Not Disclosed,False,Surat,City,True
948,Medical Data Abstractor,Multi Recruit,3.0,8.0,1000000.0,1200000.0,Bangalore / Bengaluru,9.0,Naukri,,,Salary Listed by Company,True,Bangalore,City,False
949,Alteryx Developer,Bsri Solutions,4.0,9.0,1000000.0,1700000.0,Chennai,9.0,Naukri,,,Salary Listed by Company,True,Chennai,City,False
950,Data Analyst (Preferably BFSI),Team Recruiters,4.0,7.0,800000.0,1000000.0,Navi Mumbai,9.0,Naukri,,,Salary Listed by Company,True,Mumbai,City,False
951,Walk-in Fresher's For -MIS /Data Analyst/Specialist/Leading IT Client.,Wisdom Bridge Consultants,0.0,5.0,325000.0,500000.0,"Bangarapet, Bagepalli, Malur
													+6 more",9.0,Naukri,,,Salary Listed by Company,True,Bangarapet,City,False
952,Data Analyst - US MNC (analytics),Aspyra Hr Services,3.0,8.0,1500000.0,3000000.0,"Pune, Bangalore / Bengaluru, Hyderabad / Secunderabad",9.0,Naukri,,,Salary Listed by Company,True,Pune,City,False
953,Walk-in Fresher's For -MIS /Data Analyst/Specialist/Leading IT Client.,Wisdom Bridge Consultants,0.0,5.0,325000.0,500000.0,"Hosur, Nelamangala, Hosakote
													+6 more",9.0,Naukri,,,Salary Listed by Company,True,Hosur,City,False
954,Sales Data Analyst/ Business Strategist || Mumbai || Urgent Hiring,Globner Consulting,3.0,8.0,750000.0,1500000.0,Mumbai,9.0,Naukri,,,Salary Listed by Company,True,Mumbai,City,False
955,Power BI Developer - Data Analytics (3-6 yrs),RapidBraiins,3.0,6.0,,,Pune,10.0,hirist,,,Not Disclosed,False,Pune,City,False
956,Senior Data Analyst (3-5 yrs),Zyoin Group,3.0,5.0,,,Bangalore / Bengaluru,30.0,iimjobs,4.0,1.0,Not Disclosed,False,Bangalore,City,True
957,Email Marketing Executive,Giri Consultancy,1.0,5.0,100000.0,750000.0,"Delhi/Ncr, Noida",10.0,Naukri,,,Estimated by Ambition Box,True,Delhi,City,False
958,Data Analyst - Manufacturing - Delhi / NCR,Symbiosis Management Consultants,2.0,7.0,10000.0,6000000.0,Delhi/Ncr,10.0,Naukri,,,Estimated by Ambition Box,True,Delhi,City,False
959,Data Analyst// Bangalore//Chennai,Hiresquad Resources,4.0,9.0,600000.0,1600000.0,"Chennai, Bangalore / Bengaluru",10.0,Naukri,,,Salary Listed by Company,True,Chennai,City,False
960,Data Analyst // Portfolio Management // Assets Management Company //,VANGUARD HR ASSOCIATES PRIVATE LIMITED,2.0,4.0,,,Mumbai,10.0,Naukri,,,Not Disclosed,False,Mumbai,City,False
961,Business / Data Analyst,Applied Research Works India Pvt Ltd,3.0,8.0,,,Kolkata,365.0,Naukri,3.4,17.0,Not Disclosed,False,Kolkata,City,True
962,Data Analyst,Travel Centric Technology,2.0,7.0,,,Bangalore / Bengaluru,730.0,Naukri,4.3,2.0,Not Disclosed,False,Bangalore,City,True
963,Business Data Analyst,"IQuest Solutions Corp, USA",4.0,6.0,,,Hyderabad / Secunderabad,270.0,Naukri,5.0,3.0,Not Disclosed,False,Hyderabad,City,True
964,Sr. Specialist Data Analyst,"IQuest Solutions Corp, USA",4.0,6.0,,,Hyderabad / Secunderabad,270.0,Naukri,5.0,3.0,Not Disclosed,False,Hyderabad,City,True
965,Power BI Developer - Business Intelligence (3-7 yrs),ProPMO Services Private Limited,3.0,7.0,,,Bangalore / Bengaluru,11.0,hirist,,,Not Disclosed,False,Bangalore,City,False
966,Data Analyst - Business Intelligence (2-4 yrs),ProPMO Services Private Limited,2.0,4.0,,,"Pune, Navi Mumbai, Thane",11.0,hirist,,,Not Disclosed,False,Pune,City,False
967,Data Scientist / Data Analyst / Statistician,Connecttel,6.0,10.0,500000.0,4000000.0,Hyderabad / Secunderabad,11.0,Naukri,,,Estimated by Ambition Box,True,Hyderabad,City,False
968,Data Analyst (Web Analytics),Pylon Management Consulting,4.0,6.0,180000.0,2000000.0,Bangalore / Bengaluru,11.0,Naukri,,,Estimated by Ambition Box,True,Bangalore,City,False
969,Data Analyst (Male Or Female),Goodwill Management Services,1.0,2.0,250000.0,300000.0,Tamil nadu,11.0,Naukri,,,Salary Listed by Company,True,Tamil nadu,State (not city),False
970,Data Analyst,Hiresquad Resources,3.0,8.0,500000.0,1500000.0,"Chennai, Bangalore / Bengaluru",11.0,Naukri,,,Salary Listed by Company,True,Chennai,City,False
971,"Data Analyst - Python, PySpark",Careernet Technologies,6.0,11.0,20500.0,1150000.0,"Pune, Bangalore / Bengaluru",11.0,Naukri,,,Estimated by Ambition Box,True,Pune,City,False
972,Data Analyst - Advance Excel,Mahasurya Ventures And Co.,3.0,6.0,400000.0,600000.0,Pune,11.0,Naukri,,,Salary Listed by Company,True,Pune,City,False
973,Data Analyst,coursefinder.ai,2.0,5.0,,,Nagpur,30.0,Naukri,2.5,2.0,Not Disclosed,False,Nagpur,City,True
974,Data Analyst - Power BI/Tableau (2-3 yrs),Gama Advisory Services LLP,2.0,3.0,,,Remote,12.0,hirist,,,Not Disclosed,False,Remote,Remote,False
975,Lead Data Analyst - US MNC (analytics),Aspyra Hr Services,5.0,10.0,2000000.0,3500000.0,Bangalore / Bengaluru,12.0,Naukri,,,Salary Listed by Company,True,Bangalore,City,False
976,Data Analyst - US MNC (analytics),Aspyra Hr Services,3.0,8.0,1500000.0,3000000.0,Bangalore / Bengaluru,12.0,Naukri,,,Salary Listed by Company,True,Bangalore,City,False
977,Lead Insight Data Analyst ( Tableau + SQL+ Python ): 5+ Yrs: Delhi/NCR,Rectus Talent,5.0,10.0,35000.0,5500000.0,Delhi/Ncr,12.0,Naukri,,,Estimated by Ambition Box,True,Delhi,City,False
978,GIS - Geographical Information System,Unnati Digital Solutions,3.0,8.0,,,"Navi Mumbai, Thane, Mumbai",12.0,Naukri,,,Not Disclosed,False,Mumbai,City,False
979,Data Analyst Executive (EHS)- Gurugram (Haryana),Corporate Destination,3.0,5.0,300000.0,500000.0,Gurgaon / Gurugram,12.0,Naukri,,,Salary Listed by Company,True,Gurgaon,City,False
980,Data Analyst,Myrsa Technology Solutions,1.0,4.0,,,Thane,1095.0,Naukri,3.3,20.0,Not Disclosed,False,Thane,City,True
981,Data Analyst - Portfolio Management/Acquisition (Credit Risk),Outsized South Africa (pty) Ltd,6.0,10.0,200000.0,4200000.0,Mumbai,12.0,Naukri,,,Estimated by Ambition Box,True,Mumbai,City,False
982,Snowflake Engineer,Vishanz Business Services,7.0,12.0,1440000.0,3000000.0,"Chennai, Pune, Bangalore / Bengaluru
													+3 more",12.0,Naukri,,,Estimated by Ambition Box,True,Chennai,City,False
983,Data Analyst Trainer,Techskills Institute,5.0,10.0,,,Sydney,12.0,Naukri,,,Not Disclosed,False,Sydney,International,False
984,BI/Data Analyst - Power BI/Qlikview (2-5 yrs),ProPMO Services Private Limited,2.0,5.0,,,"Bangalore / Bengaluru, Chennai, Gurgaon / Gurugram",13.0,hirist,,,Not Disclosed,False,Bangalore,City,False
985,Data Scientist - Python/Big Data (3-8 yrs),"Georgia IT, Inc.",3.0,8.0,,,Remote,13.0,hirist,,,Not Disclosed,False,Remote,Remote,False
986,HR Data Analyst - NBFC,B2N Management Consulting (p) Ltd,5.0,8.0,800000.0,1200000.0,Chennai,13.0,Naukri,,,Salary Listed by Company,True,Chennai,City,False
987,Data Analyst or MIS Executive,Persolkelly India,3.0,7.0,60000.0,80000.0,Gurgaon / Gurugram,13.0,Naukri,,,Salary Listed by Company,True,Gurgaon,City,False
988,Data Analyst,Vision India Services,2.0,4.0,500000.0,700000.0,Gurgaon / Gurugram,13.0,Naukri,,,Salary Listed by Company,True,Gurgaon,City,False
989,Data Analyst,Owfis Jobpe Technologies,1.0,3.0,700000.0,900000.0,"Chennai, Pune, Delhi/Ncr
													+5 more",13.0,Naukri,1.0,1.0,Salary Listed by Company,True,Chennai,City,True
990,Data Analyst - IT Service Based - Chennai/Bangalore,GenNext India Private Limited,2.0,6.0,1000000.0,1600000.0,"Chennai, Bangalore Rural",13.0,Naukri,,,Salary Listed by Company,True,Chennai,City,False
991,Senior Database Engineer - SQL Server,Arkoz,5.0,8.0,,,Chennai,13.0,Naukri,,,Not Disclosed,False,Chennai,City,False
992,Data Analyst,Marketscope,5.0,10.0,200000.0,2800000.0,Bangalore / Bengaluru,13.0,Naukri,,,Estimated by Ambition Box,True,Bangalore,City,False
993,Data Manager,Manpowergroup Services India,10.0,12.0,1390000.0,10000000.0,Pune,13.0,Naukri,,,Estimated by Ambition Box,True,Pune,City,False
994,Data Cleansing Analyst,Manpowergroup Services India,6.0,8.0,400000.0,800000.0,Pune,13.0,Naukri,,,Estimated by Ambition Box,True,Pune,City,False
995,BPO Openings 4 Ecommerce  Backend Operation CTC  Upto 25k IN Bangalore,Sanctus Hr,1.0,5.0,160000.0,320000.0,Bangalore / Bengaluru,13.0,Naukri,,,Estimated by Ambition Box,True,Bangalore,City,False
996,Data Analyst-Fielding Operations,NAILBITER,0.0,3.0,,,Mumbai,270.0,Naukri,3.4,24.0,Not Disclosed,False,Mumbai,City,True
997,Senior Data Analyst Fielding Operations,NAILBITER,3.0,8.0,,,Mumbai,365.0,Naukri,3.4,24.0,Not Disclosed,False,Mumbai,City,True
998,DATA ANALYST,Gemini Exports,2.0,5.0,,,Mumbai,730.0,Naukri,3.6,15.0,Not Disclosed,False,Mumbai,City,True
999,Contract Data Analyst,Enlighta Solutions,2.0,7.0,,,Mumbai,1095.0,Naukri,3.5,13.0,Not Disclosed,False,Mumbai,City,True
1000,Senior Data Analyst - SQL/Python (5-10 yrs),Coeus Multi Services Pvt. Ltd.,5.0,10.0,,,"Mumbai, Bangalore / Bengaluru, Hyderabad / Secunderabad
													+3 more",14.0,hirist,,,Not Disclosed,False,Mumbai,City,False
1001,Senior Data Analyst,XA Group,3.0,5.0,,,Remote,365.0,Naukri,3.4,19.0,Not Disclosed,False,Remote,Remote,True
1002,Data Analyst Advanced Analytics,Perceptive Analytics,0.0,3.0,,,Hyderabad / Secunderabad,730.0,Naukri,4.0,7.0,Not Disclosed,False,Hyderabad,City,True
1003,Data Analyst 2,Xoom Inc,2.0,4.0,,,"Chennai, Bangalore / Bengaluru",16.0,Naukri,,,Not Disclosed,False,Chennai,City,False
1004,Senior Data Analyst,Coeusmulti Services,5.0,10.0,1400000.0,2400000.0,"Bangalore / Bengaluru, Hyderabad / Secunderabad, Mumbai",16.0,Naukri,,,Salary Listed by Company,True,Bangalore,City,False
1005,BI Data Analyst,sortimat technology pvt. ltd.,3.0,8.0,,,Bangalore / Bengaluru,16.0,Naukri,,,Not Disclosed,False,Bangalore,City,False
1006,Data Analyst,wilatons,0.0,5.0,,,"Pune, Bangalore / Bengaluru, Hyderabad / Secunderabad",16.0,Naukri,,,Not Disclosed,False,Pune,City,False
1007,Data Analyst,IT SCIENT,6.0,10.0,1000000.0,2000000.0,"Pune, Bangalore / Bengaluru",16.0,Naukri,,,Salary Listed by Company,True,Pune,City,False
1008,Data Analyst,RELIANCE GAMES,2.0,5.0,,,Pune,730.0,Naukri,2.4,16.0,Not Disclosed,False,Pune,City,True
1009,Data Analyst - R/Python (2-5 yrs),Flairdeck Consulting Pvt. Ltd.,2.0,5.0,,,Mumbai,17.0,hirist,,,Not Disclosed,False,Mumbai,City,False
1010,Senior Data Analyst - Retail (3-6 yrs),Zyoin Group,3.0,6.0,,,Bangalore / Bengaluru,30.0,iimjobs,4.0,1.0,Not Disclosed,False,Bangalore,City,True
1011,Data Analyst - Customer Service,Human Potential Consultant,8.0,13.0,510000.0,920000.0,Mumbai,17.0,Naukri,,,Estimated by Ambition Box,True,Mumbai,City,False
1012,Data Analyst,Bold Business,3.0,8.0,,,Remote,17.0,Naukri,,,Not Disclosed,False,Remote,Remote,False
1013,Data Analyst,GRAVEYTECH CATERING VENTURES PRIVATE LIMITED,1.0,5.0,,,"Mumbai, Bangalore / Bengaluru",17.0,Naukri,,,Not Disclosed,False,Mumbai,City,False
1014,Manager / AVP - Data Analyst (FATCA),Edge In Asia Recruitment,7.0,12.0,,,Bangalore / Bengaluru,17.0,Naukri,,,Not Disclosed,False,Bangalore,City,False
1015,Data Analyst,Pavan Laxmikant Giri,0.0,5.0,550000.0,1200000.0,"Pune, Hyderabad / Secunderabad, Mumbai",17.0,Naukri,,,Salary Listed by Company,True,Pune,City,False
1016,Data Analyst| 5+ yrs exp| Mumbai,Gryphon Hytech Services,5.0,9.0,180000.0,2650000.0,Mumbai,18.0,Naukri,,,Estimated by Ambition Box,True,Mumbai,City,False
1017,Data Analyst,Outsized South Africa (pty) Ltd,2.0,5.0,24000.0,1400000.0,Mumbai,18.0,Naukri,,,Estimated by Ambition Box,True,Mumbai,City,False
1018,Target - Senior Data Analyst - Data Visualization Tools (5-8 yrs),Hirist.tech,5.0,8.0,,,Bangalore / Bengaluru,18.0,hirist,,,Not Disclosed,False,Bangalore,City,False
1019,Manager/AVP/Data Analyst - FATCA (7-15 yrs),Edge In Asia Recruitment Private Limited,7.0,15.0,,,Bangalore / Bengaluru,18.0,iimjobs,,,Not Disclosed,False,Bangalore,City,False
1020,Data Analyst,Value Innovation,5.0,10.0,1000000.0,2000000.0,Delhi/Ncr,18.0,Naukri,,,Salary Listed by Company,True,Delhi,City,False
1021,Data Analyst,Planet Pci Infotech Ltd.,2.0,5.0,500000.0,700000.0,Gurgaon / Gurugram,18.0,Naukri,,,Salary Listed by Company,True,Gurgaon,City,False
1022,Senior Data Analyst,Xoom Inc,4.0,6.0,,,"Chennai, Bangalore / Bengaluru",18.0,Naukri,,,Not Disclosed,False,Chennai,City,False
1023,Data Analyst - Urgent Opening (Immediate To 15 days joiners only),Value Innovation,5.0,8.0,10000.0,1330000.0,"Delhi/Ncr, Gurgaon / Gurugram, Noida",18.0,Naukri,,,Estimated by Ambition Box,True,Delhi,City,False
1024,Data Analysts / HTML Editor,Ace Soft Export,0.0,4.0,,,Rajkot,330.0,Naukri,3.8,8.0,Not Disclosed,False,Rajkot,City,True
1025,Platform Data Analyst,Saltmine,2.0,4.0,,,Bangalore / Bengaluru,120.0,Naukri,4.7,3.0,Not Disclosed,False,Bangalore,City,True
1026,Product Research & Data Analyst,Russell Investments Pvt Ltd,2.0,3.0,,,Mumbai,120.0,Naukri,4.7,3.0,Not Disclosed,False,Mumbai,City,True
1027,Lead Data Analyst,Saltmine,4.0,7.0,,,Bangalore / Bengaluru,240.0,Naukri,4.7,3.0,Not Disclosed,False,Bangalore,City,True
1028,Data Analyst (ETL Tools),Alpha Analytics Services Pvt Ltd,2.0,4.0,300000.0,430000.0,Pune,1460.0,Naukri,5.0,1.0,Estimated by Ambition Box,True,Pune,City,True
1029,Analyst Open End Coding,Alpha Analytics Services Pvt Ltd,4.0,9.0,,,Pune,1460.0,Naukri,5.0,1.0,Not Disclosed,False,Pune,City,True
1030,Data Reporting Analyst - Tableau/Alteryx - financial Data,Mastermind Network,4.0,7.0,,,Gurgaon / Gurugram,18.0,Naukri,,,Not Disclosed,False,Gurgaon,City,False
1031,Data Reporting Analyst - Portfolio Management,Mastermind Network,4.0,7.0,,,Gurgaon / Gurugram,18.0,Naukri,,,Not Disclosed,False,Gurgaon,City,False
1032,Requirement For Senior Data Analyst in Jaipur,Shadow Placements,5.0,10.0,800000.0,1500000.0,"Gurgaon / Gurugram, Noida, Jaipur",19.0,Naukri,,,Salary Listed by Company,True,Gurgaon,City,False
1033,Data Analyst - Business Intelligence,Allegis Group,4.0,8.0,,,Bangalore Rural,19.0,Naukri,,,Not Disclosed,False,Bangalore Rural,City,False
1034,Returnee programs -Senior Financial Data Analyst(Moody's),Somani Technologies,1.0,3.0,,,Bangalore / Bengaluru,19.0,Naukri,,,Not Disclosed,False,Bangalore,City,False
1035,Data Analyst,Abhramu Tech Solutions,2.0,4.0,375000.0,500000.0,Chennai,19.0,Naukri,,,Salary Listed by Company,True,Chennai,City,False
1036,Business / Data Analyst,ElectricPe,5.0,7.0,,,Bangalore / Bengaluru,270.0,Naukri,3.1,27.0,Not Disclosed,False,Bangalore,City,True
1037,Senior Data Analyst,Adventus.io,3.0,5.0,,,Pune,300.0,Naukri,3.3,18.0,Not Disclosed,False,Pune,City,True
1038,Data Analyst,Adventus.io,2.0,4.0,,,Pune,365.0,Naukri,3.3,18.0,Not Disclosed,False,Pune,City,True
1039,Data Analyst,Wadhwani AI,2.0,5.0,,,Mumbai,365.0,Naukri,3.1,18.0,Not Disclosed,False,Mumbai,City,True
1040,DATA ANALYST,Zero Gravity photography,3.0,8.0,,,Chennai,365.0,Naukri,3.4,15.0,Not Disclosed,False,Chennai,City,True
1041,Data Analyst Associate,ZOBELLO,1.0,2.0,,,New Delhi,2190.0,Naukri,5.0,2.0,Not Disclosed,False,Delhi,City,True
1042,Data Analyst Associate,ZOBELLO,1.0,2.0,,,New Delhi,2920.0,Naukri,5.0,2.0,Not Disclosed,False,Delhi,City,True
1043,Data Analyst Associate,ZOBELLO,1.0,6.0,,,"New Delhi, New Delhi",2920.0,Naukri,5.0,2.0,Not Disclosed,False,Delhi,City,True
1044,Shell - Data Scientist - Data Modeling & Analytics (3-7 yrs),Hirist.tech,3.0,7.0,,,Bangalore / Bengaluru,20.0,hirist,,,Not Disclosed,False,Bangalore,City,False
1045,Target - Senior Data Scientist - Supply Chain Domain (4-8 yrs),Hirist.tech,4.0,8.0,,,Bangalore / Bengaluru,20.0,hirist,,,Not Disclosed,False,Bangalore,City,False
1046,Sr. Data Analyst,Instatalent Recruit Llp,12.0,21.0,,,Gurgaon / Gurugram,20.0,Naukri,,,Not Disclosed,False,Gurgaon,City,False
1047,Data Management - Data Analyst-IT I,Varite,3.0,6.0,650000.0,1000000.0,Bangalore / Bengaluru,20.0,Naukri,,,Estimated by Ambition Box,True,Bangalore,City,False
1048,CW Data Analyst III,Varite,0.0,8.0,,,Bangalore / Bengaluru,20.0,Naukri,,,Not Disclosed,False,Bangalore,City,False
1049,Data Analyst,Xoom Inc,0.0,2.0,,,"Chennai, Bangalore / Bengaluru",20.0,Naukri,,,Not Disclosed,False,Chennai,City,False
1050,Business Analyst & Data Analyst (Data Science SQL Python),Techgimini,0.0,1.0,475000.0,750000.0,Pune,20.0,Naukri,,,Salary Listed by Company,True,Pune,City,False
1051,"Fresher, Graduate, Recruitment, HR, MBA, Marketing, Communication",Iplace Consultant,0.0,2.0,200000.0,500000.0,"Pune, Delhi/Ncr, Mumbai",20.0,Naukri,,,Salary Listed by Company,True,Pune,City,False
1052,Data Analyst - US MNC (analytics),Aspyra Hr Services,3.0,8.0,1500000.0,3000000.0,"Delhi/Ncr, Gurgaon / Gurugram, Noida",20.0,Naukri,,,Salary Listed by Company,True,Delhi,City,False
1053,Data Analyst,Evify,4.0,6.0,,,Surat,120.0,Naukri,4.3,4.0,Not Disclosed,False,Surat,City,True
1054,Data Analyst,P. S International HR Consultants,0.0,4.0,,,Mumbai,365.0,Naukri,4.6,3.0,Not Disclosed,False,Mumbai,City,True
1055,Sr. Data Analyst,Bobble App,2.0,7.0,,,"Bangalore / Bengaluru, Gurgaon / Gurugram",1460.0,Naukri,3.5,11.0,Not Disclosed,False,Bangalore,City,True
1056,Data Analyst | Lower Parel,Transformatrix Global,2.0,7.0,1500000.0,2000000.0,Mumbai,22.0,Naukri,,,Salary Listed by Company,True,Mumbai,City,False
1057,Data Analyst,Rocket Fast Recruiter,10.0,20.0,9000000.0,22500000.0,Canada,22.0,Naukri,,,Salary Listed by Company,True,Canada,International,False
1058,Email Marketing Executive,Giri Consultancy,1.0,5.0,100000.0,750000.0,"Noida, New Delhi",22.0,Naukri,,,Estimated by Ambition Box,True,Noida,City,False
1059,Data Analyst | Mumbai,Hindco Recruitment Consultants,4.0,9.0,13000.0,3885000.0,"Navi Mumbai, Thane, Mumbai",22.0,Naukri,,,Estimated by Ambition Box,True,Mumbai,City,False
1060,Data Analyst,Bsharp Sales Enablers,1.0,3.0,,,Bangalore / Bengaluru,365.0,Naukri,3.8,6.0,Not Disclosed,False,Bangalore,City,True
1061,Frontend Data Analyst,Ultimez Technology Pvt Ltd,10.0,15.0,,,Remote,365.0,Naukri,3.6,8.0,Not Disclosed,False,Remote,Remote,True
1062,Senior Data Analyst - Retail/FMCG (3-6 yrs),Zyoin Group,3.0,6.0,,,Bangalore / Bengaluru,30.0,iimjobs,4.0,1.0,Not Disclosed,False,Bangalore,City,True
1063,Lead Data Analyst - Pricing & Revenue Management (7-10 yrs),CxSearch Global Partners,7.0,10.0,,,"Mumbai, Bangalore / Bengaluru",23.0,iimjobs,,,Not Disclosed,False,Mumbai,City,False
1064,Lead - Data Analyst - Global Logistics Industry (7-11 yrs),Cxsearch Global Partners,7.0,11.0,,,Bangalore / Bengaluru,23.0,iimjobs,,,Not Disclosed,False,Bangalore,City,False
1065,Data Analyst_ MNC Bank_ Bengaluru,Novel Financial Solutions,3.0,8.0,1000000.0,2000000.0,"Chennai, Bangalore / Bengaluru",23.0,Naukri,,,Salary Listed by Company,True,Chennai,City,False
1066,Data Analyst,Jobs Desk,2.0,5.0,300000.0,400000.0,New Delhi,23.0,Naukri,,,Salary Listed by Company,True,Delhi,City,False
1067,Data Analyst,Comaea Consulting,3.0,8.0,1000000.0,1200000.0,Mumbai,23.0,Naukri,,,Salary Listed by Company,True,Mumbai,City,False
1068,Data Analyst - Python & Pyspark,D2N SOLUTIONS,3.0,4.0,20000.0,2700000.0,New Delhi,23.0,Naukri,,,Estimated by Ambition Box,True,Delhi,City,False
1069,Data Analyst - Python & Pyspark,D2N SOLUTIONS,5.0,10.0,,,Bangalore Rural,23.0,Naukri,,,Not Disclosed,False,Bangalore Rural,City,False
1070,Data Analyst - Python & Pyspark,D2N SOLUTIONS,5.0,10.0,,,Hyderabad / Secunderabad,23.0,Naukri,,,Not Disclosed,False,Hyderabad,City,False
1071,Sr. Data Analyst,Rudra Research And Analytics Llp,5.0,6.0,600000.0,650000.0,Pune,23.0,Naukri,,,Salary Listed by Company,True,Pune,City,False
1072,Data Analyst - Python & Pyspark,D2N SOLUTIONS,5.0,10.0,,,Pune,23.0,Naukri,,,Not Disclosed,False,Pune,City,False
1073,DATA Analyst/ Python Scripting/ Pyspark & SQL,D2N SOLUTIONS,6.0,11.0,,,Bangalore Rural,23.0,Naukri,,,Not Disclosed,False,Bangalore Rural,City,False
1074,Data Analyst - Python & Pyspark,D2N SOLUTIONS,5.0,10.0,,,Bangalore Rural,23.0,Naukri,,,Not Disclosed,False,Bangalore Rural,City,False
1075,Data  Analyst - Python Scripting / PySpark & SQL,D2N SOLUTIONS,6.0,11.0,295000.0,1210000.0,Pune,23.0,Naukri,,,Estimated by Ambition Box,True,Pune,City,False
1076,Data Analyst - OWS,D2N SOLUTIONS,5.0,9.0,220000.00000000003,1500000.0,Pune,23.0,Naukri,,,Estimated by Ambition Box,True,Pune,City,False
1077,Sr Data Analyst- SQL,ARA Resources,5.0,10.0,1200000.0,2000000.0,Bangalore / Bengaluru,23.0,Naukri,,,Salary Listed by Company,True,Bangalore,City,False
1078,Business Analytics,Symbiosis Management Consultants,8.0,13.0,,,Mumbai,23.0,Naukri,,,Not Disclosed,False,Mumbai,City,False
1079,MIS / Data Analyst,Kmspl Services,3.0,8.0,400000.0,475000.0,Bhubaneshwar,23.0,Naukri,,,Salary Listed by Company,True,Bhubaneshwar,City,False
1080,Data Analyst,Ducker Worldwide Management Consulting Pvt. Ltd,1.0,3.0,,,Bangalore / Bengaluru,60.0,Naukri,3.9,5.0,Not Disclosed,False,Bangalore,City,True
1081,Looking For Data Analyst (Qualtrics & SAP SuccessFactors),CDI Solutions,3.0,5.0,125000.0,3700000.0,Bangalore / Bengaluru,24.0,Naukri,,,Estimated by Ambition Box,True,Bangalore,City,False
1082,Data analyst,iProPal (ALLPS),1.0,3.0,,,Remote,24.0,Naukri,,,Not Disclosed,False,Remote,Remote,False
1083,Data Analyst,HealthSy,1.0,3.0,,,Coimbatore,24.0,Naukri,,,Not Disclosed,False,Coimbatore,City,False
1084,Sr. Data Analysts,EGO FLOORING PVT. LTD.,2.0,6.0,,,India,1460.0,Naukri,3.3,12.0,Not Disclosed,False,India,International,True
1085,"Sr. Data Analysts,",NAVEDAS TECHNOLOGY SOLUTIONS PRIVATE LIMITED,1.0,6.0,,,"Chennai, Pune, New Delhi
													+4 more",1460.0,Naukri,3.8,6.0,Not Disclosed,False,Chennai,City,True
1086,Need JD Edwards Financial Data Analyst (for 3 year contract),Rankskills Knowledge International,6.0,11.0,,,"Doha, Qatar",24.0,Naukri,,,Not Disclosed,False,Doha,International,False
1087,Business Analyst  In Bpo,Subhadra Jobs Consultancy,6.0,11.0,400000.0,900000.0,Bangalore Rural,24.0,Naukri,,,Salary Listed by Company,True,Bangalore Rural,City,False
1088,Data Analyst/Senior Data Analyst - Denodo Platform (3-8 yrs),HeadPro Consulting LLP,3.0,8.0,,,Bangalore / Bengaluru,60.0,hirist,,,Not Disclosed,False,Bangalore,City,False
1089,Data Analyst,Randstad,1.0,5.0,9400.0,3700000.0,"Mumbai suburbs, Mumbai, Mumbai",25.0,Naukri,,,Estimated by Ambition Box,True,Mumbai,City,False
1090,Senior Executive - Data Analyst,HDI outsourcing Services Private Limited,6.0,8.0,400000.0,600000.0,Faridabad,25.0,Naukri,,,Salary Listed by Company,True,Faridabad,City,False
1091,Sr. Azure Data Analyst,Fusemachines,3.0,7.0,,,Pune,60.0,Naukri,5.0,1.0,Not Disclosed,False,Pune,City,True
1092,Data analyst trainer,Merida Tech Minds (opc),1.0,6.0,100000.0,150000.0,Bangalore / Bengaluru,25.0,Naukri,,,Salary Listed by Company,True,Bangalore,City,False
1093,Data Analyst professionals are required,Saino Koyo Consulting,5.0,10.0,2000000.0,3250000.0,Hyderabad / Secunderabad,25.0,Naukri,,,Salary Listed by Company,True,Hyderabad,City,False
1094,Big Data Engineer - AWS Platform (5-10 yrs),TCCS,5.0,10.0,,,"Bangalore / Bengaluru, Gurgaon / Gurugram",30.0,hirist,1.8,10.0,Not Disclosed,False,Bangalore,City,True
1095,Urgent Hiring For Digital Marketing Analyst with a Product based MNC,Peoplefy Infosolutions,4.0,9.0,,,Pune,25.0,Naukri,,,Not Disclosed,False,Pune,City,False
1096,Business Analyst,Nexpro247,0.0,5.0,,,"Chennai, Pune, Mumbai",25.0,Naukri,,,Not Disclosed,False,Chennai,City,False
1097,Data Analyst,Indian Internet Solutions,1.0,3.0,,,Aurangabad,30.0,Naukri,2.8,4.0,Not Disclosed,False,Aurangabad,City,True
1098,G.M (Sales & Marketing),Damden Properties,10.0,15.0,,,Bangalore / Bengaluru,2190.0,Naukri,5.0,2.0,Not Disclosed,False,Bangalore,City,True
1099,Senior Data Analyst - AWS,Expedite Technology Solutions LLC,2.0,4.0,,,Bangalore / Bengaluru,270.0,Naukri,5.0,2.0,Not Disclosed,False,Bangalore,City,True
1100,Data Analyst,NIG SOFTWARE SOLUTION,3.0,8.0,,,Salem,150.0,Naukri,5.0,2.0,Not Disclosed,False,Salem,City,True
1101,Informatica Data Analyst - Data Quality (6-10 yrs),RapidBraiins,6.0,10.0,,,Bangalore / Bengaluru,26.0,hirist,,,Not Disclosed,False,Bangalore,City,False
1102,Manager - Data Analyst - MR Firm (7-9 yrs),iTaap,7.0,9.0,,,"Mumbai, Gurgaon / Gurugram",60.0,iimjobs,5.0,1.0,Not Disclosed,False,Mumbai,City,True
1103,Data Analyst - TSI,BP INCORPORATE INTERNATIONAL.,1.0,3.0,,,Pune,26.0,Naukri,,,Not Disclosed,False,Pune,City,False
1104,Data Analyst - (For Warehouse OPs) at Andher East.,Job Search,2.0,7.0,16000.0,145000.0,Mumbai,26.0,Naukri,,,Estimated by Ambition Box,True,Mumbai,City,False
1105,Online Data Analyst-ETL,Resource Infrastructure Management India,6.0,8.0,800000.0,1200000.0,Bangalore / Bengaluru,26.0,Naukri,,,Salary Listed by Company,True,Bangalore,City,False
1106,Data Analyst,Collabera Technologies,5.0,10.0,200000.0,2800000.0,Bangalore / Bengaluru,26.0,Naukri,,,Estimated by Ambition Box,True,Bangalore,City,False
1107,Warehouse Operations & Data Analysis-MNC into Supply Chain,Nexus Manpower Solutions,3.0,8.0,650000.0,800000.0,Bangalore / Bengaluru,26.0,Naukri,,,Salary Listed by Company,True,Bangalore,City,False
1108,Data Analyst,Fedelty Healthcare Pvt Ltd,0.0,2.0,100000.0,225000.0,Mumbai,26.0,Naukri,,,Salary Listed by Company,True,Mumbai,City,False
1109,Data Analyst,Sea and Beyond,1.0,4.0,,,Mumbai,26.0,Naukri,,,Not Disclosed,False,Mumbai,City,False
1110,Azure Data Analyst,Ascendion Engineering,4.0,7.0,30000.0,950000.0,"Chennai, Pune, Bangalore / Bengaluru",26.0,Naukri,,,Estimated by Ambition Box,True,Chennai,City,False
1111,Senior Data Analyst - Reporting & Visualization (5-8 yrs),Seikor,5.0,8.0,,,Hyderabad / Secunderabad,27.0,hirist,,,Not Disclosed,False,Hyderabad,City,False
1112,Software Engineer/Data Analyst - R/Python (4-8 yrs),Cryzdal,4.0,8.0,,,Haryana,60.0,hirist,5.0,1.0,Not Disclosed,False,Haryana,State (not city),True
1113,Convosight - Senior Data Analyst - Power BI/Tableau (5-7 yrs),Convosight,5.0,7.0,,,"Mumbai, Bangalore / Bengaluru, Gurgaon / Gurugram",60.0,hirist,2.7,19.0,Not Disclosed,False,Mumbai,City,True
1114,Data Analyst - Apparel Industry@Noida,Talentzq,3.0,6.0,800000.0,950000.0,Noida,27.0,Naukri,,,Salary Listed by Company,True,Noida,City,False
1115,HR Data Analyst,Peoplefy Infosolutions,6.0,11.0,,,Navi Mumbai,27.0,Naukri,,,Not Disclosed,False,Mumbai,City,False
1116,GBS Material Master Data Analyst (MDM),Smith & Nephew,5.0,10.0,,,Pune,27.0,Naukri,,,Not Disclosed,False,Pune,City,False
1117,Data Analyst,Transformatrix Global,5.0,10.0,500000.0,1000000.0,Bangalore Rural,27.0,Naukri,,,Salary Listed by Company,True,Bangalore Rural,City,False
1118,Data Analyst,The IT Mind,5.0,10.0,,,Chennai,270.0,Naukri,3.1,10.0,Not Disclosed,False,Chennai,City,True
1119,Data Analyst,Nurture Software Solutions Pvt Ltd,3.0,6.0,,,Bangalore / Bengaluru,365.0,Naukri,1.7,34.0,Not Disclosed,False,Bangalore,City,True
1120,Business Analyst/ Data Analyst,Aptus Data Labs,2.0,7.0,,,Bangalore / Bengaluru,365.0,Naukri,2.7,4.0,Not Disclosed,False,Bangalore,City,True
1121,Data Analyst,Tentacle solutions,8.0,13.0,,,Remote,730.0,Naukri,4.1,3.0,Not Disclosed,False,Remote,Remote,True
1122,Data Analyst,Billow People Services,1.0,3.0,10000.0,4500000.0,Bangalore / Bengaluru,27.0,Naukri,,,Estimated by Ambition Box,True,Bangalore,City,False
1123,Data Analyst - SQL/Azure (3-6 yrs),GM INFOTECH,3.0,6.0,,,"Mumbai, Navi Mumbai",60.0,hirist,4.4,2.0,Not Disclosed,False,Mumbai,City,True
1124,Data Analyst - MIS - Mutual Fund (5-6 yrs),Arin Consultancy Pvt. Ltd.,5.0,6.0,,,Mumbai,30.0,iimjobs,3.0,1.0,Not Disclosed,False,Mumbai,City,True
1125,Data Analyst,Valocity,1.0,4.0,,,New Delhi,30.0,Naukri,2.3,6.0,Not Disclosed,False,Delhi,City,True
1126,Solution Manager - Power BI (7-10 yrs),GM INFOTECH,7.0,10.0,,,Pune,60.0,hirist,4.4,2.0,Not Disclosed,False,Pune,City,True
1127,Data Processing Analyst - Research Operations,Savanta,1.0,4.0,,,"New Delhi, Noida",1095.0,Naukri,3.5,7.0,Not Disclosed,False,Delhi,City,True
1128,Senior Qualtrics Data Analyst,Anika Technologies,7.0,10.0,324000.0,2800000.0,Bangalore / Bengaluru,29.0,Naukri,,,Estimated by Ambition Box,True,Bangalore,City,False
1129,Online Data Analyst -ETL,Ontrack Hr Services,6.0,8.0,1500000.0,1800000.0,Bangalore / Bengaluru,29.0,Naukri,,,Salary Listed by Company,True,Bangalore,City,False
1130,Data Analyst,SKY Jobs Hr Services,5.0,10.0,1200000.0,2200000.0,"Chennai, Pune, Bangalore Rural
													+1 more",29.0,Naukri,,,Salary Listed by Company,True,Chennai,City,False
1131,Financial Data Analyst || Hybrid || Bangalore,Sunrise Job Consultancy,1.0,6.0,100000.0,600000.0,Bangalore / Bengaluru,29.0,Naukri,,,Salary Listed by Company,True,Bangalore,City,False
1132,Business Analyst in Data Analytics,Mount Talent Consulting,3.0,8.0,550000.0,1500000.0,Chennai,29.0,Naukri,,,Salary Listed by Company,True,Chennai,City,False
1133,Data Analyst | Forecasting | Power BI | WFH | US MNC | Gurgaon,Impetus Consultants,3.0,8.0,450000.0,850000.0,Gurgaon / Gurugram,29.0,Naukri,,,Salary Listed by Company,True,Gurgaon,City,False
1134,Data Analyst - US MNC (analytics),Aspyra Hr Services,3.0,8.0,1500000.0,3000000.0,"Bangalore / Bengaluru, Hyderabad / Secunderabad",29.0,Naukri,,,Salary Listed by Company,True,Bangalore,City,False
1135,Data Analyst,ELEVATE Global,1.0,3.0,,,Bangalore / Bengaluru,60.0,Naukri,4.2,3.0,Not Disclosed,False,Bangalore,City,True
1136,Senior IT Data Analyst - Data Visualization Tools (3-15 yrs),Dotflick Solutions,3.0,15.0,,,"Guwahati, Orrisa, Patiala
													+10 more",30.0,hirist,,,Not Disclosed,False,Guwahati,City,False
1137,Lead Data Analyst (Managing Database)_Immediate_Bangalore_WFO,HR Central,4.0,6.0,500000.0,3500000.0,Bangalore / Bengaluru,30.0,Naukri,,,Estimated by Ambition Box,True,Bangalore,City,False
1138,Urgent hiring For Data Analyst  in leading MNC (Third party payroll),Altezzasys,6.0,11.0,15000.0,3600000.0,"Chennai, Pune",30.0,Naukri,,,Estimated by Ambition Box,True,Chennai,City,False
1139,ASSISTANT DATA ANALYST,Aditya Pharmacy,0.0,2.0,,,Hyderabad / Secunderabad,730.0,Naukri,3.5,7.0,Not Disclosed,False,Hyderabad,City,True
1140,SupplyChain Consultant(techno function)(Supply Chan Data Analyst) WFH,INTELLI SEARCH,3.0,8.0,800000.0,1800000.0,Bangalore / Bengaluru,30.0,Naukri,,,Salary Listed by Company,True,Bangalore,City,False
1141,Quantitative Analyst/ Data Analyst,Randstad,1.0,6.0,,,Ahmedabad,30.0,Naukri,,,Not Disclosed,False,Ahmedabad,City,False
1142,Data Analyst,Dynpro,2.0,5.0,200000.0,550000.0,Hyderabad / Secunderabad,30.0,Naukri,,,Salary Listed by Company,True,Hyderabad,City,False
1143,BIU Manager- ATM _ Bank,V Konnect,5.0,10.0,1200000.0,1700000.0,Mumbai,30.0,Naukri,,,Salary Listed by Company,True,Mumbai,City,False
1144,HR Data Analyst/Analytics,Peoplefy Infosolutions,7.0,12.0,,,Navi Mumbai,30.0,Naukri,,,Not Disclosed,False,Mumbai,City,False
1145,Data Analyst/Managers-2074,Live Connections,2.0,7.0,700000.0,900000.0,Chennai,30.0,Naukri,,,Salary Listed by Company,True,Chennai,City,False
1146,SR.Engineer-Data Analyst/ Dx Consultant,Alliance Placement Solutions,5.0,6.0,550000.0,700000.0,Bawal,30.0,Naukri,,,Salary Listed by Company,True,Bawal,City,False
1147,Data Analytic | Fresher | Business Analytics,Creative Hands HR,2.0,5.0,250000.0,600000.0,"Chennai, Bangalore / Bengaluru, Hyderabad / Secunderabad",30.0,Naukri,,,Salary Listed by Company,True,Chennai,City,False
1148,Data Analyst - Looker Studio Expert,Jay Consulting,2.0,7.0,300000.0,700000.0,Jaipur,30.0,Naukri,,,Salary Listed by Company,True,Jaipur,City,False
1149,Data Analyst,Access Partners,4.0,7.0,13000.0,6000000.0,India,30.0,Naukri,,,Estimated by Ambition Box,True,India,International,False
1150,Data Analyst,Supplymint,1.0,3.0,,,Gurgaon / Gurugram,30.0,Naukri,,,Not Disclosed,False,Gurgaon,City,False
1151,We Are Hiring Full stack Python Developer ( Business & Data Analyst),Coriolis Tech,0.0,1.0,425000.0,700000.0,Pune,30.0,Naukri,,,Salary Listed by Company,True,Pune,City,False
1152,Lead Analyst - Market Insights - Diversity Role,Flexability Hr Solutions,7.0,12.0,1500000.0,2750000.0,Pune,30.0,Naukri,,,Salary Listed by Company,True,Pune,City,False
1153,Data Analyst,Mits Solution,5.0,10.0,2000000.0,2500000.0,Bangalore Rural,30.0,Naukri,,,Salary Listed by Company,True,Bangalore Rural,City,False
1154,Data Analyst,Material Depot,2.0,5.0,,,Bangalore / Bengaluru,270.0,Naukri,3.7,5.0,Not Disclosed,False,Bangalore,City,True
1155,Software Developer,Scientiaarc Solutions Ltd,1.0,5.0,,,Kanyakumari,240.0,Naukri,4.7,2.0,Not Disclosed,False,Kanyakumari,City,True
1156,Sr. Data Analyst,GForce Consulting Solutions,3.0,7.0,,,Gurgaon / Gurugram,365.0,Naukri,4.2,3.0,Not Disclosed,False,Gurgaon,City,True
1157,Healthcare Data Analyst,Tech Rakers,6.0,9.0,1500000.0,1700000.0,Hyderabad / Secunderabad,30.0,Naukri,1.0,2.0,Salary Listed by Company,True,Hyderabad,City,True
1158,Data Analyst- Graph Analytics-Neo4j,Energik InfoSystem,2.0,6.0,1800000.0,2500000.0,Noida,30.0,Naukri,,,Salary Listed by Company,True,Noida,City,False
1159,Data Analyst- Graph Analytics-Neo4j,Energik InfoSystem,2.0,6.0,1800000.0,2500000.0,Pune,30.0,Naukri,,,Salary Listed by Company,True,Pune,City,False
1160,Data Analyst- Graph Analytics-Neo4j,Energik InfoSystem,2.0,6.0,1800000.0,2500000.0,Bangalore / Bengaluru,30.0,Naukri,,,Salary Listed by Company,True,Bangalore,City,False
1161,Data Analyst- Graph Analytics-Neo4j,Energik InfoSystem,2.0,6.0,1800000.0,2500000.0,Gurgaon / Gurugram,30.0,Naukri,,,Salary Listed by Company,True,Gurgaon,City,False
1162,Data Analyst - US MNC (analytics),Aspyra Hr Services,3.0,8.0,1500000.0,3000000.0,"Delhi/Ncr, Gurgaon / Gurugram, Noida",30.0,Naukri,,,Salary Listed by Company,True,Delhi,City,False
1163,Azure Data Analyst,Ascendion Engineering,4.0,9.0,1200000.0,2200000.0,"Chennai, Bangalore / Bengaluru, Hyderabad / Secunderabad",30.0,Naukri,,,Salary Listed by Company,True,Chennai,City,False
1164,Data Analyst with a US Based Product Company-Jaipur,Seventh Contact Hiring Solutions,6.0,10.0,,,Jaipur,30.0,Naukri,,,Not Disclosed,False,Jaipur,City,False
1165,Sr. Data Analyst - SQL / ETL,People Connection,9.0,14.0,320000.0,1300000.0,Mumbai,30.0,Naukri,,,Estimated by Ambition Box,True,Mumbai,City,False
1166,"Fresher, Graduate, Recruitment, HR, MBA, Marketing, Communication",Iplace Consultant,0.0,2.0,200000.0,500000.0,"Chennai, Pune, Mumbai",30.0,Naukri,,,Salary Listed by Company,True,Chennai,City,False
1167,Data Analyst 1,Thoughtgen Analytics,0.0,2.0,350000.0,500000.0,Mumbai Suburbs,30.0,Naukri,,,Salary Listed by Company,True,Mumbai,City,False
1168,Data Analyst/Data Tester,Placenet Consultants,4.0,6.0,,,Hyderabad / Secunderabad,30.0,Naukri,,,Not Disclosed,False,Hyderabad,City,False
1169,Data Analyst,CRE Matrix,0.0,4.0,,,Mumbai,60.0,Naukri,4.6,2.0,Not Disclosed,False,Mumbai,City,True
1170,RBHU Analytics - Data Analyst Trainee - R/Python (0-2 yrs),RBHU ETG Private Limited,0.0,2.0,,,Mumbai,60.0,hirist,2.9,4.0,Not Disclosed,False,Mumbai,City,True
1171,Data Analyst,Golden Gate Battery,2.0,6.0,,,Cochin/Ernakulam/Kochi,30.0,Naukri,,,Not Disclosed,False,Kochi,City,False
1172,Data Analyst,Tyootr,1.0,3.0,,,Bangalore / Bengaluru,30.0,Naukri,,,Not Disclosed,False,Bangalore,City,False
1173,Data Analyst,Facts N Data,3.0,6.0,,,Noida,60.0,Naukri,5.0,1.0,Not Disclosed,False,Noida,City,True
1174,Data Analyst(0 Experience Required),Peroptyx,0.0,5.0,,,Delhi/Ncr,30.0,Naukri,,,Not Disclosed,False,Delhi,City,False
1175,Associate Data Analyst,Talentas Technology Private Limited,1.0,2.0,,,Hyderabad / Secunderabad,365.0,Naukri,4.7,2.0,Not Disclosed,False,Hyderabad,City,True
1176,Data Analyst,Aryavart Institute of Technology,1.0,3.0,,,"Kanpur, Supaul, Patna
													+1 more",60.0,Naukri,5.0,1.0,Not Disclosed,False,Kanpur,City,True
1177,Data Analyst - Python/R/SQL (5-7 yrs),sm it services,5.0,7.0,,,Thane,30.0,hirist,,,Not Disclosed,False,Thane,City,False
1178,Senior Data Analyst - Business Intelligence (3-5 yrs),Insight Advisors Private Limited,3.0,5.0,,,"International/Overseas, Saudi arabia",60.0,hirist,5.0,1.0,Not Disclosed,False,International/Overseas,International,True
1179,BI Data Analyst,sortimat technology pvt. ltd.,2.0,3.0,,,Bangalore / Bengaluru,30.0,Naukri,,,Not Disclosed,False,Bangalore,City,False
1180,Data Analyst,ASSA ABLOY Entrance Systems,5.0,7.0,,,Chennai,30.0,Naukri,,,Not Disclosed,False,Chennai,City,False
1181,Data Analyst - Python/SQL (2-5 yrs),Whizz HR,2.0,5.0,,,Bangalore / Bengaluru,60.0,hirist,3.3,7.0,Not Disclosed,False,Bangalore,City,True
1182,Human Resources Data Analyst II,Hillenbrand,2.0,4.0,,,Coimbatore,150.0,Naukri,3.7,4.0,Not Disclosed,False,Coimbatore,City,True
1183,Senior Data Analyst,Pearlsoft Technology,4.0,9.0,,,Chennai,210.0,Naukri,3.6,5.0,Not Disclosed,False,Chennai,City,True
1184,Events Data Analyst,Bloomberg UTV,1.0,2.0,,,Mumbai,365.0,Naukri,4.0,3.0,Not Disclosed,False,Mumbai,City,True
1185,Research Analyst,"MarketJoy, Inc.",2.0,6.0,,,Pune,365.0,Naukri,3.4,6.0,Not Disclosed,False,Pune,City,True
1186,Senior Data Analyst,Luminar Technologies,0.0,4.0,,,New Delhi,365.0,Naukri,4.1,3.0,Not Disclosed,False,Delhi,City,True
1187,Senior Data Analyst,InsightsE,1.0,2.0,,,Cochin/Ernakulam/Kochi,1095.0,Naukri,4.3,2.0,Not Disclosed,False,Kochi,City,True
1188,Data Analyst - SQL/Python (2-4 yrs),Yo HR Consultancy,2.0,4.0,,,Mumbai,60.0,hirist,5.0,1.0,Not Disclosed,False,Mumbai,City,True
1189,Data Analyst,Sea and Beyond,1.0,2.0,,,"Navi Mumbai, Mumbai",30.0,Naukri,,,Not Disclosed,False,Mumbai,City,False
1190,Marketing /CRM Data Analyst,Marrina decisions,2.0,5.0,,,Remote,300.0,Naukri,4.0,3.0,Not Disclosed,False,Remote,Remote,True
1191,Data Analyst,Hudson Data,2.0,5.0,,,Remote,365.0,Naukri,3.5,5.0,Not Disclosed,False,Remote,Remote,True
1192,Data Analyst,altbalaji,2.0,5.0,,,Mumbai,365.0,Naukri,3.1,9.0,Not Disclosed,False,Mumbai,City,True
1193,Data scientist / Data Analyst / AI Expert,Innovadors Lab Pvt Ltd,1.0,2.0,,,Bhubaneshwar,1095.0,Naukri,4.0,3.0,Not Disclosed,False,Bhubaneshwar,City,True
1194,Lead/Senior Data Analyst - Internet/Online (4-6 yrs),Youth4 Talent Solutions and Services,4.0,6.0,,,Bangalore / Bengaluru,30.0,iimjobs,,,Not Disclosed,False,Bangalore,City,False
1195,Junior Data Analyst,PIPECARE Group,0.0,2.0,,,Noida,90.0,Naukri,3.2,7.0,Not Disclosed,False,Noida,City,True
1196,DATA ANALYST/ SCIENTIST,Mid Town Software,2.0,6.0,,,Mohali,120.0,Naukri,3.9,3.0,Not Disclosed,False,Mohali,City,True
1197,Senior Data Analyst,ThyssenKrupp Elevator (India) Pvt. Ltd,8.0,12.0,,,Thane,150.0,Naukri,3.0,7.0,Not Disclosed,False,Thane,City,True
1198,Data Analyst - SQL/Python (3-5 yrs),SILCOSYS Solutions Pvt. Ltd,3.0,5.0,,,Hyderabad / Secunderabad,30.0,hirist,,,Not Disclosed,False,Hyderabad,City,False
1199,Data Analyst - Python (3-5 yrs),K2 Data & Analytics,3.0,5.0,,,Hyderabad / Secunderabad,30.0,hirist,,,Not Disclosed,False,Hyderabad,City,False
1200,Project Manager - Data Analytics (7-12 yrs),ProPMO Services Private Limited,7.0,12.0,,,Pune,30.0,hirist,,,Not Disclosed,False,Pune,City,False
1201,Senior/Lead Analyst - R/SQL/Python (8-12 yrs),WIZSTAFFING PRIVATE LIMITED,8.0,12.0,,,Bangalore / Bengaluru,30.0,hirist,1.0,2.0,Not Disclosed,False,Bangalore,City,True
1202,FP&A Data Analyst,Poppulo,3.0,5.0,,,Bangalore / Bengaluru,30.0,Naukri,,,Not Disclosed,False,Bangalore,City,False
1203,Financial Data Analyst,Energy Aspects,1.0,4.0,,,Kolkata,120.0,Naukri,3.9,3.0,Not Disclosed,False,Kolkata,City,True
1204,Data Analyst - SQL/Python (2-5 yrs),Bizdeed HR Solutions Pvt.Ltd,2.0,5.0,,,Mumbai,60.0,hirist,5.0,1.0,Not Disclosed,False,Mumbai,City,True
1205,Data Analyst,STEP NEXT,2.0,4.0,,,Amod,30.0,Naukri,,,Not Disclosed,False,Amod,City,False
1206,Data Analyst,GyanTU,2.0,7.0,,,"Chennai, Pune, New Delhi
													+4 more",60.0,Naukri,5.0,1.0,Not Disclosed,False,Chennai,City,True
1207,Senior Data Analyst,BP INCORPORATE INTERNATIONAL.,8.0,12.0,,,Pune,30.0,Naukri,,,Not Disclosed,False,Pune,City,False
1208,Senior Data Analyst - Azure (4-6 yrs),estrel.ai,4.0,6.0,,,Delhi ncr,30.0,hirist,,,Not Disclosed,False,Delhi,City,False
1209,Presales & Solution Architect - Data Analytics (5-8 yrs),estrel.ai,5.0,8.0,,,"Delhi ncr, Noida",30.0,hirist,,,Not Disclosed,False,Delhi,City,False
1210,Data Analyst - Power BI (3-5 yrs),estrel.ai,3.0,5.0,,,"International/Overseas, Abu Dhabi",30.0,hirist,,,Not Disclosed,False,International/Overseas,International,False
1211,Data Analyst,MS Clinical Research (P) Ltd,1.0,4.0,,,Bangalore / Bengaluru,90.0,Naukri,2.7,12.0,Not Disclosed,False,Bangalore,City,True
1212,Data Analyst,Valasys Media Pvt Ltd,4.0,9.0,,,Pune,365.0,Naukri,2.6,16.0,Not Disclosed,False,Pune,City,True
1213,Dot NET Developer,Oceanfrogs,0.0,1.0,,,Remote,730.0,Naukri,4.2,2.0,Not Disclosed,False,Remote,Remote,True
1214,Data Analyst Manager,VoiceTree Technologies Pvt Ltd.,8.0,15.0,,,Remote,730.0,Naukri,2.4,27.0,Not Disclosed,False,Remote,Remote,True
1215,Data Analyst,ALLIANCES GALORE PRIVATE LIMITED,1.0,3.0,,,Bangalore / Bengaluru,365.0,Naukri,2.4,20.0,Not Disclosed,False,Bangalore,City,True
1216,Data Analyst,WorkFusion,2.0,6.0,,,Hyderabad / Secunderabad,730.0,Naukri,2.3,26.0,Not Disclosed,False,Hyderabad,City,True
1217,Tableau Architect - Reporting Analytics & Dashboard (12-15 yrs),RapidBraiins,12.0,15.0,,,"Kolkata, Chennai, Pune",30.0,hirist,,,Not Disclosed,False,Kolkata,City,False
1218,Senior Data Analyst,ZAGENO Inc,3.0,6.0,,,Bangalore / Bengaluru,30.0,Naukri,1.0,1.0,Not Disclosed,False,Bangalore,City,True
1219,Data Analyst,SOCIOMIX / OPR TECHNOLOGIES PVT LTD,0.0,5.0,,,New Delhi,30.0,Naukri,,,Not Disclosed,False,Delhi,City,False
1220,Jollee - Data Analyst (1-3 yrs),Bundle O Joy,1.0,3.0,,,Gurgaon / Gurugram,30.0,iimjobs,1.7,2.0,Not Disclosed,False,Gurgaon,City,True
1221,Data Analyst,Optical arc,5.0,10.0,,,Pune,150.0,Naukri,2.7,9.0,Not Disclosed,False,Pune,City,True
1222,Clinical Data Analyst,Sitero,1.0,4.0,,,Mysuru / Mysore,365.0,Naukri,1.6,7.0,Not Disclosed,False,Mysuru,City,True
1223,Data Quality Business Analyst (2-4 yrs),TERRAGIG LLP,2.0,4.0,,,Chennai,30.0,hirist,,,Not Disclosed,False,Chennai,City,False
1224,Marketing Data Analyst,EASYRECRUE,3.0,8.0,,,Hyderabad / Secunderabad,30.0,Naukri,,,Not Disclosed,False,Hyderabad,City,False
1225,PHP Developer,Oob Smarthome India PVT LTD,0.0,1.0,,,Ahmedabad,365.0,Naukri,2.9,6.0,Not Disclosed,False,Ahmedabad,City,True
1226,Data Visualization Analyst - Tableau & Power BI (2-6 yrs),D Square Consulting Service,2.0,6.0,,,Bangalore / Bengaluru,30.0,hirist,1.0,1.0,Not Disclosed,False,Bangalore,City,True
1227,HR Data Analyst (3-5 yrs),D Square Consulting Services Pvt Ltd,3.0,5.0,,,Bangalore / Bengaluru,30.0,iimjobs,1.0,1.0,Not Disclosed,False,Bangalore,City,True
1228,Data Visualization Analyst - Tableau/Power BI (2-4 yrs),D Square Consulting Services Pvt Ltd,2.0,4.0,,,Bangalore / Bengaluru,30.0,hirist,1.0,1.0,Not Disclosed,False,Bangalore,City,True
1229,Data Analyst,Fusemachines,1.0,3.0,,,Pune,120.0,Naukri,5.0,1.0,Not Disclosed,False,Pune,City,True
1230,PHP Developer,Alphanso Tech,1.0,6.0,,,Rajkot,210.0,Naukri,5.0,1.0,Not Disclosed,False,Rajkot,City,True
1231,Senior Data Analyst,One Muthoot,3.0,5.0,,,Bangalore / Bengaluru,330.0,Naukri,5.0,1.0,Not Disclosed,False,Bangalore,City,True
1232,Data Analyst/Content Writer Specialist,Sunderella,2.0,5.0,,,Mysuru / Mysore,365.0,Naukri,5.0,1.0,Not Disclosed,False,Mysuru,City,True
1233,JS Full Stack Engineer,TensorGo Technologies Private Limited,2.0,7.0,,,Hyderabad / Secunderabad,1095.0,Naukri,5.0,1.0,Not Disclosed,False,Hyderabad,City,True
1234,Data Analyst,Ariprus,3.0,7.0,,,Mumbai,1095.0,Naukri,5.0,1.0,Not Disclosed,False,Mumbai,City,True
1235,MIS Executive,PURTI POWER SUGAR LIMITED,3.0,8.0,,,Kolkata,365.0,Naukri,5.0,1.0,Not Disclosed,False,Kolkata,City,True
1236,Lead Data Analyst,Session AI,2.0,6.0,,,Mumbai,270.0,Naukri,5.0,1.0,Not Disclosed,False,Mumbai,City,True
1237,Data Analyst,BharatX,1.0,2.0,,,Bangalore / Bengaluru,150.0,Naukri,5.0,1.0,Not Disclosed,False,Bangalore,City,True
1238,Senior Video Analyst,Innovary Technologies,1.0,3.0,,,Bangalore / Bengaluru,1095.0,Naukri,5.0,1.0,Not Disclosed,False,Bangalore,City,True
1239,Senior Data Analyst - R/Python (6-12 yrs),Resource Tree Global Services,6.0,12.0,,,Bangalore / Bengaluru,90.0,hirist,5.0,1.0,Not Disclosed,False,Bangalore,City,True
1240,Data Analyst,Jar,1.0,2.0,1100000.0,1400000.0,Bangalore / Bengaluru,150.0,Naukri,2.4,13.0,Estimated by Ambition Box,True,Bangalore,City,True
1241,Data Analyst,Pharmahopers Pvt. Ltd.,0.0,1.0,,,Chennai,300.0,Naukri,5.0,1.0,Not Disclosed,False,Chennai,City,True
1242,Data Analyst Intern,Jar,0.0,4.0,,,Bangalore / Bengaluru,365.0,Naukri,2.4,13.0,Not Disclosed,False,Bangalore,City,True
1243,Senior Data Analyst EDP DMA,CloudAngles,4.0,9.0,,,Noida,210.0,Naukri,5.0,1.0,Not Disclosed,False,Noida,City,True
1244,Data Analyst,Augie Pets India Pvt limited,0.0,3.0,,,Bangalore / Bengaluru,365.0,Naukri,5.0,1.0,Not Disclosed,False,Bangalore,City,True
1245,Data Analyst,Xtreme management solutions,1.0,2.0,,,Bangalore / Bengaluru,365.0,Naukri,5.0,1.0,Not Disclosed,False,Bangalore,City,True
1246,Power BI Developer,atQor,2.0,5.0,,,Ahmedabad,90.0,Naukri,5.0,1.0,Not Disclosed,False,Ahmedabad,City,True
1247,Data Analyst,Contechub,1.0,3.0,,,Remote,210.0,Naukri,3.4,3.0,Not Disclosed,False,Remote,Remote,True
1248,Senior Data Analyst,OLIVER,5.0,6.0,,,Mumbai,60.0,Naukri,2.0,3.0,Not Disclosed,False,Mumbai,City,True
1249,Data Analyst/Data Scientist (2-8 yrs),Quant Matrix AI Solutions,2.0,8.0,,,Mumbai,30.0,iimjobs,,,Not Disclosed,False,Mumbai,City,False
1250,Data Analyst - Construction Business (2-5 yrs),The Grand Group - HR Provider,2.0,5.0,,,Delhi ncr,30.0,iimjobs,,,Not Disclosed,False,Delhi,City,False
1251,Data Analyst,Nlineaxis IT Solutions,2.0,5.0,,,Jaipur,365.0,Naukri,3.1,4.0,Not Disclosed,False,Jaipur,City,True
1252,Data Analyst,Vixplor Analytics,1.0,5.0,,,Kolkata,1460.0,Naukri,3.3,3.0,Not Disclosed,False,Kolkata,City,True
1253,Data Analyst (New),Fam,2.0,4.0,,,Bangalore / Bengaluru,60.0,Naukri,3.0,1.0,Not Disclosed,False,Bangalore,City,True
1254,Data Analyst,highlevel,3.0,5.0,,,Remote,180.0,Naukri,3.6,2.0,Not Disclosed,False,Remote,Remote,True
1255,Data Analyst,highlevel,3.0,5.0,,,Remote,365.0,Naukri,3.6,2.0,Not Disclosed,False,Remote,Remote,True
1256,Business Data Analyst (8-15 yrs),Acharyaconsulting Services,8.0,15.0,,,Bangalore / Bengaluru,30.0,hirist,,,Not Disclosed,False,Bangalore,City,False
1257,Senior Business Intelligence Developer - Tableau (4-7 yrs),Zyoin group,4.0,7.0,,,Bangalore / Bengaluru,60.0,hirist,4.0,1.0,Not Disclosed,False,Bangalore,City,True
1258,Data Scientist\/Data Analyst,T.E.M.S tech Solutions,2.0,5.0,,,Chennai,30.0,Naukri,,,Not Disclosed,False,Chennai,City,False
1259,Spatial Data Analyst Cross Sector Based Project,GIS Vision India,5.0,10.0,,,"Chennai, Pune, New Delhi
													+4 more",30.0,Naukri,,,Not Disclosed,False,Chennai,City,False
1260,Data Analyst,ZAGENO Inc,2.0,3.0,,,Bangalore / Bengaluru,30.0,Naukri,1.0,1.0,Not Disclosed,False,Bangalore,City,True
1261,Product Data Analyst,4CRisk.ai,4.0,9.0,,,Bangalore / Bengaluru,365.0,Naukri,2.3,11.0,Not Disclosed,False,Bangalore,City,True
1262,Sr. Data Analyst,Tesseract Imaging Pvt Ltd,4.0,6.0,,,"Navi Mumbai, Mumbai",120.0,Naukri,2.2,13.0,Not Disclosed,False,Mumbai,City,True
1263,Data Analyst,Cigna Healthcare,5.0,7.0,,,Bangalore / Bengaluru,60.0,Naukri,2.1,5.0,Not Disclosed,False,Bangalore,City,True
1264,Senior Data Analyst,Tacnique,3.0,6.0,,,"Chennai, Pune, New Delhi
													+4 more",60.0,Naukri,2.0,1.0,Not Disclosed,False,Chennai,City,True
1265,Healthcare Data Analyst,ChiSquarelabs,1.0,4.0,,,Cochin/Ernakulam/Kochi,90.0,Naukri,2.7,4.0,Not Disclosed,False,Kochi,City,True
1266,Data_Analyst,The CAI Store,2.0,7.0,,,Mumbai,365.0,Naukri,3.0,3.0,Not Disclosed,False,Mumbai,City,True
1267,Data Analyst - Business Intelligence (5-10 yrs),ARR Recruitment Solutions,5.0,10.0,,,Bangalore / Bengaluru,30.0,hirist,,,Not Disclosed,False,Bangalore,City,False
1268,Data Analyst,Magic Infomedia,0.0,2.0,,,New Delhi,30.0,Naukri,,,Not Disclosed,False,Delhi,City,False
1269,Senior Financial Data Analyst - F P & A,Innovya Technologies,5.0,7.0,,,Hyderabad / Secunderabad,90.0,Naukri,2.9,3.0,Not Disclosed,False,Hyderabad,City,True
1270,Data Analyst,One Impression,1.0,2.0,,,Gurgaon / Gurugram,240.0,Naukri,2.0,14.0,Not Disclosed,False,Gurgaon,City,True
1271,Data Analyst - Tableau/Power BI (5-8 yrs),Excellence and Eminence LLP,5.0,8.0,,,"Bangalore / Bengaluru, Chennai",30.0,hirist,,,Not Disclosed,False,Bangalore,City,False
1272,Senior Data Analyst - Statistical Modeling (5-7 yrs),Chadwick Professional Services Private Limited,5.0,7.0,,,Chennai,60.0,hirist,4.0,1.0,Not Disclosed,False,Chennai,City,True
1273,Data Analyst (2-5 yrs),D Square Consulting Service,2.0,5.0,,,Bangalore / Bengaluru,30.0,hirist,1.0,1.0,Not Disclosed,False,Bangalore,City,True
1274,Data Scientist,Vide Alpha Tech,1.0,5.0,,,New Delhi,150.0,Naukri,4.0,1.0,Not Disclosed,False,Delhi,City,True
1275,Senior Data Analyst,Startapp Global,1.0,4.0,,,Bangalore / Bengaluru,210.0,Naukri,4.0,1.0,Not Disclosed,False,Bangalore,City,True
1276,Data Analyst,Business Brio,1.0,2.0,,,Kolkata,270.0,Naukri,4.0,1.0,Not Disclosed,False,Kolkata,City,True
1277,Assistant Cum Data Analyst,Institute of Personality Development (IPD),0.0,6.0,,,Aurangabad,365.0,Naukri,3.2,2.0,Not Disclosed,False,Aurangabad,City,True
1278,Junior Data Analyst,Times World Information Technology,2.0,3.0,,,"Thiruvananthapuram, Calicut/Kozhikode",365.0,Naukri,,,Not Disclosed,False,Thiruvananthapuram,City,False
1279,DATA ANALYST,Blocklogy Edutech Private Limited,1.0,3.0,,,Mumbai,1460.0,Naukri,,,Not Disclosed,False,Mumbai,City,False
1280,Data Analyst-1,EASYRECRUE,3.0,6.0,,,Hyderabad / Secunderabad,30.0,Naukri,,,Not Disclosed,False,Hyderabad,City,False
1281,Senior Data Analyst - SQL (4-7 yrs),Magna Hire,4.0,7.0,,,Bangalore / Bengaluru,30.0,hirist,,,Not Disclosed,False,Bangalore,City,False
1282,Data Analyst,Advanced Risk Analytics Private Limited,2.0,6.0,,,Ahmedabad,2190.0,Naukri,2.7,3.0,Not Disclosed,False,Ahmedabad,City,True
1283,Data Analyst - Data Quality & Governance (2-4 yrs),D Square Consulting Services Pvt Ltd,2.0,4.0,,,Bangalore / Bengaluru,60.0,hirist,1.0,1.0,Not Disclosed,False,Bangalore,City,True
1284,Data Analyst - Python (6-8 yrs),Spot Your Leaders And Consulting LLP,6.0,8.0,,,Hyderabad / Secunderabad,60.0,iimjobs,,,Not Disclosed,False,Hyderabad,City,False
1285,Data Analyst,Preferred Square Analytics,2.0,3.0,,,Gurgaon / Gurugram,120.0,Naukri,2.0,8.0,Not Disclosed,False,Gurgaon,City,True
1286,Data Analyst - MIS - BFSI (5-6 yrs),Arin Consultancy Pvt. Ltd.,5.0,6.0,,,Mumbai,60.0,iimjobs,3.0,1.0,Not Disclosed,False,Mumbai,City,True
1287,Data Analyst - SQL/ETL (2-4 yrs),D Square Consulting Services Pvt Ltd,2.0,4.0,,,Bangalore / Bengaluru,60.0,hirist,1.0,1.0,Not Disclosed,False,Bangalore,City,True
1288,HR Data Analyst - IT (2-4 yrs),D Square Consulting Services Pvt Ltd,2.0,4.0,,,Bangalore / Bengaluru,60.0,iimjobs,1.0,1.0,Not Disclosed,False,Bangalore,City,True
1289,Data Analyst - Online/Internet (1-3 yrs),Meyrahkee Advisors Private Limited,1.0,3.0,,,Bangalore / Bengaluru,60.0,iimjobs,,,Not Disclosed,False,Bangalore,City,False
1290,Data Analysts,Pratyaksh Medical Care,1.0,2.0,,,Noida,60.0,Naukri,,,Not Disclosed,False,Noida,City,False
1291,Data Analyst,Rehoboth Academic Services,2.0,7.0,,,Bangalore / Bengaluru,1095.0,Naukri,2.1,5.0,Not Disclosed,False,Bangalore,City,True
1292,Data Analyst,DeetsDigital Pvt. Ltd.,1.0,4.0,,,Remote,270.0,Naukri,2.2,4.0,Not Disclosed,False,Remote,Remote,True
1293,Data Analyst,Recruitment Smart Technologies India Private Limited,4.0,8.0,,,Ahmedabad,365.0,Naukri,1.9,6.0,Not Disclosed,False,Ahmedabad,City,True
1294,Data Analyst,Recruitment Smart Technologies India Private Limited,4.0,10.0,,,Ahmedabad,365.0,Naukri,1.9,6.0,Not Disclosed,False,Ahmedabad,City,True
1295,Data Scientist - Machine Learning/Predictive Modeling (5-10 yrs),East 57th Street Partners,5.0,10.0,,,Bangalore / Bengaluru,60.0,hirist,,,Not Disclosed,False,Bangalore,City,False
1296,Technical Data Analyst,"Vyrian, Inc",5.0,10.0,,,Indore,730.0,Naukri,2.5,2.0,Not Disclosed,False,Indore,City,True
1297,IT Vacancy in Delhi- Data Analyst,RIGHT STEP CONSULTING PRIVATE LIMITED,2.0,6.0,,,New Delhi,1460.0,Naukri,3.0,1.0,Not Disclosed,False,Delhi,City,True
1298,Data Analyst / Business Analyst,RIGHT STEP CONSULTING PRIVATE LIMITED,2.0,3.0,,,Gurgaon / Gurugram,2555.0,Naukri,3.0,1.0,Not Disclosed,False,Gurgaon,City,True
1299,Data Analyst,RIGHT STEP CONSULTING PRIVATE LIMITED,2.0,5.0,,,Gurgaon/Gurugram,2555.0,Naukri,3.0,1.0,Not Disclosed,False,Gurgaon,City,True
1300,Back office coordinator(Female),RIGHT STEP CONSULTING PRIVATE LIMITED,1.0,3.0,,,Noida,2555.0,Naukri,3.0,1.0,Not Disclosed,False,Noida,City,True
1301,SR. Analyst,RIGHT STEP CONSULTING PRIVATE LIMITED,4.0,6.0,,,"New Delhi, Gurgaon / Gurugram",2555.0,Naukri,3.0,1.0,Not Disclosed,False,Delhi,City,True
1302,Team Leader,RIGHT STEP CONSULTING PRIVATE LIMITED,1.0,5.0,,,"New Delhi, Gurgaon/Gurugram",2555.0,Naukri,3.0,1.0,Not Disclosed,False,Delhi,City,True
1303,Digital Analyst - Tag Management System (3-5 yrs),RapidBraiins,3.0,5.0,,,"Mumbai, Bangalore / Bengaluru",60.0,hirist,,,Not Disclosed,False,Mumbai,City,False
1304,Data Analyst,iProPal (ALLPS),1.0,3.0,,,"Chennai, Pune, New Delhi
													+4 more",60.0,Naukri,,,Not Disclosed,False,Chennai,City,False
1305,Data Analyst Intern,TechKnowledgeHub.org,0.0,3.0,,,Remote,60.0,Naukri,,,Not Disclosed,False,Remote,Remote,False
1306,Data Analysts / HTML Editor,i-Tech Infonet Pvt Ltd,0.0,2.0,,,Rajkot,365.0,Naukri,1.7,3.0,Not Disclosed,False,Rajkot,City,True
1307,DataSlush - Senior Analytics Implementation Engineer (2-5 yrs),IT Company,2.0,5.0,,,Ahmedabad,60.0,hirist,,,Not Disclosed,False,Ahmedabad,City,False
1308,Data Analyst - SQL/Python/R (7-9 yrs),Meved Solutions,7.0,9.0,,,Bangalore / Bengaluru,60.0,hirist,1.0,1.0,Not Disclosed,False,Bangalore,City,True
1309,Senior Data Analyst,Tacnique,5.0,10.0,,,Remote,180.0,Naukri,2.0,1.0,Not Disclosed,False,Remote,Remote,True
1310,Senior Data Analyst - Tableau/Power BI (5-8 yrs),"About Taggd: Taggd is a digital recruitment platform that provides Ready-to-Hire talent to India Inc. Combining the power of human knowledge and data, Taggd hassuccessfully fulfilled talent mandates of more than 100 clients and ensured hiring managers’",5.0,8.0,,,"Mumbai, Bangalore / Bengaluru, Pune
													+2 more",60.0,hirist,,,Not Disclosed,False,Mumbai,City,False
1311,DATA ANALYST INTERN,VR Careerz,0.0,1.0,,,Chennai,150.0,Naukri,1.7,2.0,Not Disclosed,False,Chennai,City,True
1312,DATA ANALYST,VR Careerz,0.0,1.0,,,Chennai,150.0,Naukri,1.7,2.0,Not Disclosed,False,Chennai,City,True
1313,Data Analyst - Power BI (6-8 yrs),CloudHire,6.0,8.0,,,"Bangalore / Bengaluru, Hyderabad / Secunderabad",60.0,hirist,,,Not Disclosed,False,Bangalore,City,False
1314,Senior Data Analyst - Analytics Dashboards & Reporting Tools (5-10 yrs),Dashhire,5.0,10.0,,,Jaipur,60.0,hirist,,,Not Disclosed,False,Jaipur,City,False
1315,Business Intelligence Developer - QlikSense & Qlikview (3-5 yrs),r3 Consultant,3.0,5.0,,,Bangalore / Bengaluru,60.0,hirist,,,Not Disclosed,False,Bangalore,City,False
1316,Data Analyst,Suntech Global,3.0,5.0,,,"Thrissur/Trichur, Thiruvananthapuram, Calicut/Kozhikode
													+1 more",270.0,Naukri,1.5,2.0,Not Disclosed,False,Thrissur,City,True
1317,Data Analyst,Enmay,1.0,6.0,,,Kolkata,365.0,Naukri,,,Not Disclosed,False,Kolkata,City,False
1318,Senior Data Analyst,MediaMath,8.0,13.0,,,Bangalore / Bengaluru,730.0,Naukri,,,Not Disclosed,False,Bangalore,City,False
1319,Lead Data Analyst,MediaMath,8.0,13.0,,,Bangalore / Bengaluru,730.0,Naukri,,,Not Disclosed,False,Bangalore,City,False
1320,"Data Analyst , Product",MediaMath,4.0,9.0,,,Bangalore / Bengaluru,730.0,Naukri,,,Not Disclosed,False,Bangalore,City,False
1321,Senior Data Analyst,Sanmax Technologies (P) Limited,8.0,10.0,,,Jaipur,1460.0,Naukri,,,Not Disclosed,False,Jaipur,City,False
1322,Data Analyst,Smith & Nephew,3.0,6.0,,,Pune,90.0,Naukri,,,Not Disclosed,False,Pune,City,False
1323,Data Analyst,eninrac consulting,1.0,4.0,,,Noida,90.0,Naukri,,,Not Disclosed,False,Noida,City,False
1324,Senior Business Data Analyst,LivePerson,5.0,7.0,,,Pune,90.0,Naukri,,,Not Disclosed,False,Pune,City,False
1325,Risk & Data Analyst,ADM,2.0,3.0,,,"Chennai, Pune, New Delhi
													+4 more",90.0,Naukri,,,Not Disclosed,False,Chennai,City,False
1326,Data Analyst,Highspot,3.0,5.0,,,Hyderabad / Secunderabad,90.0,Naukri,,,Not Disclosed,False,Hyderabad,City,False
1327,Supply Chain Data Analyst,Forever New Clothing Pty Ltd,1.0,4.0,,,Gurgaon / Gurugram,90.0,Naukri,,,Not Disclosed,False,Gurgaon,City,False
1328,Sr. Data analyst Tableau,Testlify,3.0,4.0,,,Mumbai,90.0,Naukri,,,Not Disclosed,False,Mumbai,City,False
1329,Reliability Data Analyst - ANITS,PinnacleART,1.0,5.0,,,Hyderabad / Secunderabad,90.0,Naukri,,,Not Disclosed,False,Hyderabad,City,False
1330,Data Analyst,Demos Project Pvt Ltd.,3.0,5.0,,,New Delhi,120.0,Naukri,,,Not Disclosed,False,Delhi,City,False
1331,Business Intelligence Analyst,AspireIQ,3.0,4.0,,,"Chennai, Pune, New Delhi
													+4 more",120.0,Naukri,,,Not Disclosed,False,Chennai,City,False
1332,Senior data analyst,BP INCORPORATE INTERNATIONAL.,5.0,7.0,,,Pune,150.0,Naukri,,,Not Disclosed,False,Pune,City,False
1333,Senior Data Analyst,IIX Global,3.0,4.0,,,Remote,150.0,Naukri,,,Not Disclosed,False,Remote,Remote,False
1334,Data Analyst / Sr. Data Analyst,CoreInsightsAI,0.0,8.0,,,Remote,150.0,Naukri,,,Not Disclosed,False,Remote,Remote,False
1335,Data Analyst,Odetta,1.0,3.0,,,Remote,180.0,Naukri,,,Not Disclosed,False,Remote,Remote,False
1336,Senior BI & Data Analyst Specialist,ArabyAds,4.0,6.0,,,Gurgaon / Gurugram,180.0,Naukri,,,Not Disclosed,False,Gurgaon,City,False
1337,Data Analyst,Grapes IDMR,2.0,4.0,,,Thrissur/Trichur,210.0,Naukri,,,Not Disclosed,False,Thrissur,City,False
1338,Data Analyst,MindTrilogy,1.0,3.0,,,New Delhi,210.0,Naukri,,,Not Disclosed,False,Delhi,City,False
1339,Junior Python Developer,MABZONE IT SOLUTIONS,5.0,10.0,,,Mohali,210.0,Naukri,,,Not Disclosed,False,Mohali,City,False
1340,Data Analyst / Web Researcher,MyVirtualDesks,0.0,3.0,,,Pune,240.0,Naukri,,,Not Disclosed,False,Pune,City,False
1341,Jr. Data Analyst (Big Query),Coders Brain Pvt Ltd,1.0,4.0,10000.0,2700000.0,New Delhi,240.0,Naukri,,,Estimated by Ambition Box,True,Delhi,City,False
1342,Sr. Data Analyst (Big Query)_Dgliger,Coders Brain Pvt Ltd,2.0,7.0,160000.0,2700000.0,New Delhi,240.0,Naukri,,,Estimated by Ambition Box,True,Delhi,City,False
1343,Data Analyst/Architect/Scientist/Engineer,Diverse Lynx,4.0,10.0,,,Hyderabad / Secunderabad,240.0,Naukri,,,Not Disclosed,False,Hyderabad,City,False
1344,Data Analyst,Diverse Lynx,1.0,5.0,100000.0,2650000.0,Hyderabad / Secunderabad,365.0,Naukri,,,Estimated by Ambition Box,True,Hyderabad,City,False
1345,Data Analyst,Diverse Lynx,1.0,5.0,100000.0,1750000.0,Chennai,365.0,Naukri,,,Estimated by Ambition Box,True,Chennai,City,False
1346,Data Analyst,Diverse Lynx,3.0,6.0,260000.0,1600000.0,Gurgaon / Gurugram,365.0,Naukri,,,Estimated by Ambition Box,True,Gurgaon,City,False
1347,Data Analyst,Diverse Lynx,1.0,5.0,80000.0,1700000.0,Chennai,365.0,Naukri,,,Estimated by Ambition Box,True,Chennai,City,False
1348,Data Analyst,Diverse Lynx,1.0,5.0,165000.0,3950000.0,Bangalore / Bengaluru,365.0,Naukri,,,Estimated by Ambition Box,True,Bangalore,City,False
1349,Data Analyst,Diverse Lynx,1.0,5.0,115000.0,2100000.0,Gurgaon / Gurugram,365.0,Naukri,,,Estimated by Ambition Box,True,Gurgaon,City,False
1350,Data Analyst,Diverse Lynx,5.0,7.0,200000.0,3000000.0,Bangalore / Bengaluru,365.0,Naukri,,,Estimated by Ambition Box,True,Bangalore,City,False
1351,SQL Developer,Diverse Lynx,2.0,6.0,340000.0,500000.0,Bangalore / Bengaluru,365.0,Naukri,,,Estimated by Ambition Box,True,Bangalore,City,False
1352,Principal Data Analyst,YourDOST,5.0,7.0,1160000.0,1370000.0,Bangalore / Bengaluru,365.0,Naukri,,,Estimated by Ambition Box,True,Bangalore,City,False
1353,Data Analyst,Mantras2Success Consultants,1.0,6.0,10000.0,1150000.0,Ahmedabad,365.0,Naukri,,,Estimated by Ambition Box,True,Ahmedabad,City,False
1354,Microsoft Azure Data Analyst,Coders Brain Pvt Ltd,5.0,6.0,168000.0,1870000.0,Chennai,300.0,Naukri,,,Estimated by Ambition Box,True,Chennai,City,False
1355,SQL DVELOPER CUM DATA ANALYST,Coders Brain Pvt Ltd,5.0,8.0,210000.0,2250000.0,Gurgaon / Gurugram,300.0,Naukri,,,Estimated by Ambition Box,True,Gurgaon,City,False
1356,Sr Data Analyst,Coders Brain Pvt Ltd,8.0,15.0,300000.0,3800000.0,"Chennai, Pune, New Delhi
													+4 more",300.0,Naukri,,,Estimated by Ambition Box,True,Chennai,City,False
1357,Data Analyst,Coders Brain Pvt Ltd,4.0,7.0,165000.0,2050000.0,Mumbai,300.0,Naukri,,,Estimated by Ambition Box,True,Mumbai,City,False
1358,Data Analyst,Coders Brain Pvt Ltd,4.0,6.0,230000.0,2300000.0,Gurgaon / Gurugram,300.0,Naukri,,,Estimated by Ambition Box,True,Gurgaon,City,False
1359,Data analyst,Coders Brain Pvt Ltd,2.0,15.0,10000.0,4200000.0,Remote,300.0,Naukri,,,Estimated by Ambition Box,True,Remote,Remote,False
1360,Data analystics,Coders Brain Pvt Ltd,5.0,10.0,,,Remote,300.0,Naukri,,,Not Disclosed,False,Remote,Remote,False
1361,Data analyst,Coders Brain Pvt Ltd,3.0,6.0,20000.0,9600000.0,Remote,300.0,Naukri,,,Estimated by Ambition Box,True,Remote,Remote,False
1362,Data Analyst (Snowflake),Coders Brain Pvt Ltd,6.0,8.0,295000.0,2475000.0,Pune,300.0,Naukri,,,Estimated by Ambition Box,True,Pune,City,False
1363,Data Analyst,Coders Brain Pvt Ltd,4.0,9.0,165000.0,2650000.0,Mumbai,300.0,Naukri,,,Estimated by Ambition Box,True,Mumbai,City,False
1364,BI Data Analyst,Coders Brain Pvt Ltd,2.0,6.0,256400.0,650000.0,Bangalore / Bengaluru,300.0,Naukri,,,Estimated by Ambition Box,True,Bangalore,City,False
1365,Data Analyst (Executive/ Sr.Executive),Bultaminds Venture,5.0,10.0,205000.0,1300000.0,Panaji/Panjim,330.0,Naukri,,,Estimated by Ambition Box,True,Panaji,City,False
1366,Sr . Data Analyst ( Power BI developer ),Highrise solutions,0.0,4.0,,,Pune,330.0,Naukri,,,Not Disclosed,False,Pune,City,False
1367,Senior Data Analyst cum MIS Executive,Oasis Insurance Brokers,2.0,6.0,,,Mumbai,365.0,Naukri,,,Not Disclosed,False,Mumbai,City,False
1368,"Data Analyst, Python and SQL",Fusion Plus Solutions Inc,2.0,5.0,140000.0,2650000.0,Hyderabad / Secunderabad,365.0,Naukri,,,Estimated by Ambition Box,True,Hyderabad,City,False
1369,Data Analyst,Fusion Plus Solutions Inc,2.0,4.0,140000.0,3500000.0,Hyderabad / Secunderabad,365.0,Naukri,,,Estimated by Ambition Box,True,Hyderabad,City,False
1370,Data Analyst,Saaki argus averil consulting,3.0,6.0,110000.0,1870000.0,Chennai,365.0,Naukri,,,Estimated by Ambition Box,True,Chennai,City,False
1371,Data Analyst,P.S International HR Consultants,5.0,10.0,,,Mumbai,365.0,Naukri,,,Not Disclosed,False,Mumbai,City,False
1372,Data Analyst (Credit Risk Analyst),Mantras2Success Consultants,2.0,3.0,220000.00000000003,990000.0,Hyderabad / Secunderabad,365.0,Naukri,,,Estimated by Ambition Box,True,Hyderabad,City,False
1373,Data Analyst,Xpheno,2.0,5.0,50000.0,9600000.0,Bangalore / Bengaluru,365.0,Naukri,,,Estimated by Ambition Box,True,Bangalore,City,False
1374,Senior Data Analyst,Xpheno,3.0,6.0,140000.0,4500000.0,Bangalore / Bengaluru,365.0,Naukri,,,Estimated by Ambition Box,True,Bangalore,City,False
1375,Data Analyst,Xpheno,3.0,6.0,150000.0,9600000.0,Bangalore / Bengaluru,365.0,Naukri,,,Estimated by Ambition Box,True,Bangalore,City,False
1376,Data Analyst,Xpheno,4.0,8.0,165000.0,2235000.0,Mumbai,365.0,Naukri,,,Estimated by Ambition Box,True,Mumbai,City,False
1377,Data Analyst,Xpheno,2.0,4.0,170000.0,3250000.0,Bangalore / Bengaluru,365.0,Naukri,,,Estimated by Ambition Box,True,Bangalore,City,False
1378,Manager - Recruitment & Data Analyst,Busisol Sourcing India Pvt Ltd,8.0,10.0,,,Ballari,365.0,Naukri,,,Not Disclosed,False,Ballari,City,False
1379,Data Analyst,Countrees Services and Technologies Pvt Ltd,3.0,6.0,,,Chennai,365.0,Naukri,,,Not Disclosed,False,Chennai,City,False
1380,Data Analyst,Stalwart Management Consulting,2.0,6.0,10000.0,9600000.0,Remote,365.0,Naukri,,,Estimated by Ambition Box,True,Remote,Remote,False
1381,Manager - Recruitment  Data Analyst,Busisol Sourcing India Pvt Ltd,8.0,12.0,,,Remote,365.0,Naukri,,,Not Disclosed,False,Remote,Remote,False
1382,Data Scientist and Analyst,Diverse Lynx,2.0,6.0,45600.0,3000000.0,Pune,365.0,Naukri,,,Estimated by Ambition Box,True,Pune,City,False
1383,Data Analyst,Diverse Lynx,1.0,5.0,10000.0,2442000.0,Pune,365.0,Naukri,,,Estimated by Ambition Box,True,Pune,City,False
1384,SAS Data Analyst,Diverse Lynx,2.0,6.0,,,Bangalore / Bengaluru,365.0,Naukri,,,Not Disclosed,False,Bangalore,City,False
1385,data analyst,Etomate Technology LLP,2.0,7.0,,,Bangalore / Bengaluru,365.0,Naukri,1.0,1.0,Not Disclosed,False,Bangalore,City,True
1386,Data Analyst  -  MIS Report,Diverse Lynx,8.0,10.0,300000.0,1860000.0,Pune,365.0,Naukri,,,Estimated by Ambition Box,True,Pune,City,False
1387,Data Analyst,RIGHT STEP CONSULTING PRIVATE LIMITED,0.0,5.0,,,"New Delhi, Gurgaon / Gurugram",365.0,Naukri,,,Not Disclosed,False,Delhi,City,False
1388,Associate Data Analyst,HUSYS CONSULTING LIMITED,2.0,5.0,250000.0,1600000.0,Hyderabad / Secunderabad,365.0,Naukri,,,Estimated by Ambition Box,True,Hyderabad,City,False
1389,Payer Data Analyst,STAR4RALL IT SOLUTIONS PRIVATE LIMITED,3.0,7.0,,,"Chennai, Pune, New Delhi
													+4 more",365.0,Naukri,,,Not Disclosed,False,Chennai,City,False
1390,Data Analyst,Ventures India Consultants,3.0,5.0,200000.0,2100000.0,New Delhi,365.0,Naukri,,,Estimated by Ambition Box,True,Delhi,City,False
1391,Data Analyst,Fusion Plus Solutions Inc,2.0,4.0,140000.0,3500000.0,Hyderabad / Secunderabad,365.0,Naukri,,,Estimated by Ambition Box,True,Hyderabad,City,False
1392,Data Analyst,Fusion Plus Solutions Inc,2.0,4.0,140000.0,3500000.0,Hyderabad / Secunderabad,365.0,Naukri,,,Estimated by Ambition Box,True,Hyderabad,City,False
1393,Data Analyst,Fusion Plus Solutions Inc,2.0,4.0,140000.0,3500000.0,Hyderabad / Secunderabad,365.0,Naukri,,,Estimated by Ambition Box,True,Hyderabad,City,False
1394,Data Analyst,Fusion Plus Solutions Inc,2.0,4.0,140000.0,3500000.0,Hyderabad / Secunderabad,365.0,Naukri,,,Estimated by Ambition Box,True,Hyderabad,City,False
1395,Data Analyst (Deepika),Fusion Plus Solutions Inc,1.0,4.0,100000.0,3500000.0,Hyderabad / Secunderabad,365.0,Naukri,,,Estimated by Ambition Box,True,Hyderabad,City,False
1396,Data analyst,Fusion Plus Solutions Inc,2.0,4.0,140000.0,3500000.0,Hyderabad / Secunderabad,365.0,Naukri,,,Estimated by Ambition Box,True,Hyderabad,City,False
1397,Content and Community lead,Infinyte Club,5.0,10.0,,,Bangalore / Bengaluru,365.0,Naukri,,,Not Disclosed,False,Bangalore,City,False
1398,Data Analyst,TNS holdings,2.0,3.0,,,Remote,365.0,Naukri,,,Not Disclosed,False,Remote,Remote,False
1399,Business Data Analyst General Ledger,Diverse Lynx,5.0,10.0,,,Mumbai,1460.0,Naukri,,,Not Disclosed,False,Mumbai,City,False
1400,SAS Developer,Diverse Lynx,4.0,8.0,500000.0,1700000.0,Bangalore / Bengaluru,1460.0,Naukri,,,Estimated by Ambition Box,True,Bangalore,City,False
1401,Finance / Cost / Data Analyst,mycityband,1.0,2.0,100000.0,2340000.0,Sachin,1460.0,Naukri,,,Estimated by Ambition Box,True,Sachin,City,False
1402,Engineer/Data Analyst,mycitynagpur,5.0,8.0,,,Nagpur,1460.0,Naukri,,,Not Disclosed,False,Nagpur,City,False
1403,Data Analyst,RIGHT STEP CONSULTING PRIVATE LIMITED,1.0,3.0,115000.0,1700000.0,Gurgaon / Gurugram,1460.0,Naukri,,,Estimated by Ambition Box,True,Gurgaon,City,False
1404,Data Analyst,RIGHT STEP CONSULTING PRIVATE LIMITED,1.0,4.0,20000.0,2600000.0,Gurgaon / Gurugram,1460.0,Naukri,,,Estimated by Ambition Box,True,Gurgaon,City,False
1405,Data Analyst,mycitynagpur,1.0,5.0,300000.0,440000.00000000006,Nagpur,1460.0,Naukri,,,Estimated by Ambition Box,True,Nagpur,City,False
1406,Data Analyst,mycitynagpur,3.0,7.0,150000.0,720000.0,Nagpur,1460.0,Naukri,,,Estimated by Ambition Box,True,Nagpur,City,False
1407,Data Analysts,Prometheus Consulting,2.0,3.0,25000.0,1800000.0,Bangalore / Bengaluru,1825.0,Naukri,,,Estimated by Ambition Box,True,Bangalore,City,False
1408,Senior Data Scientist,JoinHandsHR,3.0,8.0,400000.0,5000000.0,Mumbai,1825.0,Naukri,,,Estimated by Ambition Box,True,Mumbai,City,False
1409,Artificial intelligence Architect,Cotocus.com,4.0,9.0,,,Bangalore / Bengaluru,365.0,Naukri,,,Not Disclosed,False,Bangalore,City,False
1410,Data Analysts,Cotocus.com,1.0,4.0,,,Bangalore / Bengaluru,365.0,Naukri,,,Not Disclosed,False,Bangalore,City,False
1411,Machine learning Architect,Cotocus.com,5.0,9.0,,,Bangalore / Bengaluru,365.0,Naukri,,,Not Disclosed,False,Bangalore,City,False
1412,Data Architect,Cotocus.com,6.0,10.0,,,Bangalore / Bengaluru,365.0,Naukri,,,Not Disclosed,False,Bangalore,City,False
1413,Data Analyst,Proclink Consulting Services LLP,4.0,8.0,13000.0,4400000.0,"Ahmedabad, Hyderabad / Secunderabad",365.0,Naukri,,,Estimated by Ambition Box,True,Ahmedabad,City,False
1414,Data Analyst- SAS,eTeam Inc.,4.0,5.0,20000.0,9600000.0,Bangalore / Bengaluru,365.0,Naukri,,,Estimated by Ambition Box,True,Bangalore,City,False
1415,Data Analyst,Add On IT Systems,3.0,4.0,,,Bangalore / Bengaluru,365.0,Naukri,,,Not Disclosed,False,Bangalore,City,False
1416,Data Analyst,eTeam Inc.,1.0,3.0,100000.0,2500000.0,Hyderabad / Secunderabad,365.0,Naukri,,,Estimated by Ambition Box,True,Hyderabad,City,False
1417,Data Analyst - 1,DOPTIT PRIVATE LIMITED,1.0,4.0,,,Cochin/Ernakulam/Kochi,365.0,Naukri,,,Not Disclosed,False,Kochi,City,False
1418,Data Analyst,Primohunt Corporate,0.0,3.0,,,Pune,365.0,Naukri,,,Not Disclosed,False,Pune,City,False
1419,Data Analyst,Falcon Smart IT,2.0,6.0,,,Bangalore / Bengaluru,730.0,Naukri,,,Not Disclosed,False,Bangalore,City,False
1420,Data Analyst,Etomate Technology LLP,1.0,4.0,,,Bangalore / Bengaluru,730.0,Naukri,1.0,1.0,Not Disclosed,False,Bangalore,City,True
1421,Data Analyst,Diverse Lynx,1.0,5.0,165000.0,3950000.0,Bangalore / Bengaluru,730.0,Naukri,,,Estimated by Ambition Box,True,Bangalore,City,False
1422,"Data analyst,Pan India",Z2plus Placement & Security Agency Pvt. Ltd.,2.0,5.0,19000.0,3950000.0,Remote,730.0,Naukri,,,Estimated by Ambition Box,True,Remote,Remote,False
1423,Data Analyst,Z2plus Placement & Security Agency Pvt. Ltd.,2.0,5.0,125000.0,1361600.0,Bangalore / Bengaluru,730.0,Naukri,,,Estimated by Ambition Box,True,Bangalore,City,False
1424,Data Analyst,Z2plus Placement & Security Agency Pvt. Ltd.,2.0,3.0,200000.0,750000.0,Panaji/Panjim,730.0,Naukri,,,Estimated by Ambition Box,True,Panaji,City,False
1425,data analyst,Disha Consultant,4.0,8.0,280000.0,850000.0,Jaipur,730.0,Naukri,,,Estimated by Ambition Box,True,Jaipur,City,False
1426,"Sr Data Engineer (SQL, AWS Pipeline, Python)",TechExped Technology Services,4.0,9.0,,,Mumbai,730.0,Naukri,,,Not Disclosed,False,Mumbai,City,False
1427,Data Analyst,TMD - The Modern Dimension,3.0,8.0,20000.0,4400000.0,"New Delhi, Bangalore / Bengaluru",730.0,Naukri,,,Estimated by Ambition Box,True,Delhi,City,False
1428,Power Bi/ SQL Tableau Developer/Data analyst,Busisol Sourcing India Pvt Ltd,6.0,8.0,,,Hosapete,730.0,Naukri,,,Not Disclosed,False,Hosapete,City,False
1429,Data Analyst,Teplar Solutions,0.0,4.0,,,Coimbatore,1460.0,Naukri,,,Not Disclosed,False,Coimbatore,City,False
1430,Business Development Executive,Teplar Solutions,2.0,4.0,,,Coimbatore,1460.0,Naukri,,,Not Disclosed,False,Coimbatore,City,False
1431,Data Analyst,CLINAARC CLINICAL DATAMANAGEMENT PRIVATE LIMITED,2.0,3.0,,,Nagpur,1460.0,Naukri,,,Not Disclosed,False,Nagpur,City,False
1432,Data Analyst,EnergyTech Ventures,2.0,5.0,,,Kolkata,1460.0,Naukri,,,Not Disclosed,False,Kolkata,City,False
1433,Sr Data Analyst,CodeHall Technology,5.0,10.0,,,Bangalore / Bengaluru,1460.0,Naukri,,,Not Disclosed,False,Bangalore,City,False
1434,Sr Data Analyst,CodeHall Technology,5.0,10.0,,,Bangalore / Bengaluru,1460.0,Naukri,,,Not Disclosed,False,Bangalore,City,False
1435,Big Data Analyst,R3coder,1.0,6.0,,,Ahmedabad,1460.0,Naukri,,,Not Disclosed,False,Ahmedabad,City,False
1436,Big Data Analyst,CereSight,3.0,8.0,,,"Chennai, Pune, New Delhi
													+4 more",1825.0,Naukri,,,Not Disclosed,False,Chennai,City,False
1437,Editing and Proof Reading the written content,99Plus IT Solutions,2.0,5.0,,,Vadodara,1825.0,Naukri,,,Not Disclosed,False,Vadodara,City,False
1438,Big Data Analyst - Part time,Write Academy,1.0,6.0,,,Chennai,1825.0,Naukri,,,Not Disclosed,False,Chennai,City,False
1439,data entry,Right Fit Resources,0.0,1.0,,,Bhubaneshwar,1095.0,Naukri,,,Not Disclosed,False,Bhubaneshwar,City,False
1440,Data Analysts,DoDogy,1.0,2.0,,,New Delhi,1095.0,Naukri,,,Not Disclosed,False,Delhi,City,False
1441,Computer Operator In  -  Computer Clerk,RIGHT STEP CONSULTING PRIVATE LIMITED,0.0,2.0,,,Gurgaon / Gurugram,1460.0,Naukri,,,Not Disclosed,False,Gurgaon,City,False
1442,Clinical Data Analyst,CLINAARC CLINICAL DATAMANAGEMENT PRIVATE LIMITED,1.0,6.0,,,Nagpur,1460.0,Naukri,,,Not Disclosed,False,Nagpur,City,False
1443,Data Analyst,"Quotient, Inc.",1.0,3.0,,,Bangalore / Bengaluru,1460.0,Naukri,,,Not Disclosed,False,Bangalore,City,False
1444,Data Analyst,M3 (EU) Ltd,5.0,7.0,,,Bangalore / Bengaluru,365.0,Naukri,,,Not Disclosed,False,Bangalore,City,False
1445,Data Analyst ( Fresher ),OnPoint Insights,0.0,2.0,,,"Mumbai suburbs, Mumbai",365.0,Naukri,,,Not Disclosed,False,Mumbai,City,False
1446,Data Analyst,WalbroSoft,2.0,7.0,,,Nagpur,1825.0,Naukri,1.0,1.0,Not Disclosed,False,Nagpur,City,True
1447,Security Data Analyst / L2,Si Cyber,4.0,8.0,,,Pune,365.0,Naukri,,,Not Disclosed,False,Pune,City,False
1448,Data Analyst,99Plus IT Solutions,3.0,5.0,,,Vadodara,1095.0,Naukri,,,Not Disclosed,False,Vadodara,City,False
1449,Data Analyst,99Plus IT Solutions,2.0,5.0,,,Vadodara,1825.0,Naukri,,,Not Disclosed,False,Vadodara,City,False
1450,Spend and Master Data Analyst,Pcura Consulting pvt ltd.,2.0,7.0,,,Mumbai,1825.0,Naukri,4.0,630.0,Not Disclosed,False,Mumbai,City,True
1451,Data Analyst,Augmenter Consulting,2.0,5.0,,,Mumbai,1825.0,Naukri,1.0,2.0,Not Disclosed,False,Mumbai,City,True
1452,Data Analyst - Technology,Vayaa Systems,1.0,3.0,,,Hyderabad / Secunderabad,2190.0,Naukri,,,Not Disclosed,False,Hyderabad,City,False
1453,Reliability Data Analyst - RVR & JC,PinnacleART,1.0,7.0,,,Hyderabad / Secunderabad,90.0,Naukri,,,Not Disclosed,False,Hyderabad,City,False
1454,Data Analysts,MightyMorse,1.0,4.0,,,Mumbai,120.0,Naukri,,,Not Disclosed,False,Mumbai,City,False
1455,Data analyst,Zecotok,1.0,3.0,,,Panchkula,180.0,Naukri,,,Not Disclosed,False,Panchkula,City,False
